,review_id,rating,text,review_url,user_id,PROPERTYTYPE,Store_name,SOURCE,DATE_SCRAPED
0,Fzm0JX55DNnyQjUYq1CO6A,5,Community Centers inc. Is a great service to south Los Angeles for jobs and training.,https://www.yelp.com/biz/community-centers-los-angeles?adjust_creative=oAYGHKSZvK_Az-ZQ4UyTGQ&hrid=Fzm0JX55DNnyQjUYq1CO6A&utm_campaign=yelp_api_v3&utm_medium=api_v3_business_reviews&utm_source=oAYGHKSZvK_Az-ZQ4UyTGQ,Jcc-GMX8qwFfzY_7BqPWfA,community center,Community Centers,yelp,12-01-2019
1,yT1rOi_mut1cXAK2mHf-4A,5,This is a non-profit center that offers training and employment help to the community.  They do a lot of good to the community free of charge and are...,https://www.yelp.com/biz/community-centers-los-angeles?adjust_creative=oAYGHKSZvK_Az-ZQ4UyTGQ&hrid=yT1rOi_mut1cXAK2mHf-4A&utm_campaign=yelp_api_v3&utm_medium=api_v3_business_reviews&utm_source=oAYGHKSZvK_Az-ZQ4UyTGQ,COB8WTRnOQ3UwhuIDxcU7A,community center,Community Centers,yelp,12-01-2019
0,yibF6zqTWJC7AsNuwqRfGA,5,This place was amazing. So much creativity and history in one place. Everyone I spoke to was fully immersed in the movement of equality and shedding light...,https://www.yelp.com/biz/community-coalition-los-angeles-2?adjust_creative=oAYGHKSZvK_Az-ZQ4UyTGQ&hrid=yibF6zqTWJC7AsNuwqRfGA&utm_campaign=yelp_api_v3&utm_medium=api_v3_business_reviews&utm_source=oAYGHKSZvK_Az-ZQ4UyTGQ,czSixGSXxBiOnAs21fSxiA,community center,Community Coalition,yelp,12-01-2019
0,VMhG9c1GYrs6HWUVYeLyhw,5,JEM is a really nice community center with an excellent indoor basketball court and swimming pool.  They have their own parking lot but there is also street...,https://www.yelp.com/biz/jem-community-center-beverly-hills?adjust_creative=oAYGHKSZvK_Az-ZQ4UyTGQ&hrid=VMhG9c1GYrs6HWUVYeLyhw&utm_campaign=yelp_api_v3&utm_medium=api_v3_business_reviews&utm_source=oAYGHKSZvK_Az-ZQ4UyTGQ,RfdtDbQwNm46T1tEKM__sA,community center,JEM Community Center,yelp,12-01-2019
1,kv85qmdIh0PFDSSp4RLadg,5,"I was looking for a place with hours for women-only swimming. This place is great for that! You have a good two-hours for you, which is great! The people...",https://www.yelp.com/biz/jem-community-center-beverly-hills?adjust_creative=oAYGHKSZvK_Az-ZQ4UyTGQ&hrid=kv85qmdIh0PFDSSp4RLadg&utm_campaign=yelp_api_v3&utm_medium=api_v3_business_reviews&utm_source=oAYGHKSZvK_Az-ZQ4UyTGQ,c8vHKiju8yLNnWX6UIVGhg,community center,JEM Community Center,yelp,12-01-2019
2,hBVYDSabxs-75VgdZZIorg,5,"As an elementary school basketball coach in the Beverly Hills area, I was in search of a basketball facility capable of handling 3 teams at once for...",https://www.yelp.com/biz/jem-community-center-beverly-hills?adjust_creative=oAYGHKSZvK_Az-ZQ4UyTGQ&hrid=hBVYDSabxs-75VgdZZIorg&utm_campaign=yelp_api_v3&utm_medium=api_v3_business_reviews&utm_source=oAYGHKSZvK_Az-ZQ4UyTGQ,QusfEJhlpCrPlAESan_O6g,community center,JEM Community Center,yelp,12-01-2019
0,P2l58XLvqvhFP5bAubXE5g,5,"Grew up In this neighborhood, and I'm happy to see a coffee shop that isn't Starbucks open up. Coffee is good, the prices are right and has this feel-good...",https://www.yelp.com/biz/south-la-cafe-los-angeles?adjust_creative=oAYGHKSZvK_Az-ZQ4UyTGQ&hrid=P2l58XLvqvhFP5bAubXE5g&utm_campaign=yelp_api_v3&utm_medium=api_v3_business_reviews&utm_source=oAYGHKSZvK_Az-ZQ4UyTGQ,zCEvilwTsrArIQLWCk_A5A,community center,South LA Cafe,yelp,12-01-2019
1,rBHup3G17c3BPKGkftO2SQ,5,Great new spot! The space is super chill and has plenty of room for relaxing or doing a bit of work. The style and decor inside is welcoming and...,https://www.yelp.com/biz/south-la-cafe-los-angeles?adjust_creative=oAYGHKSZvK_Az-ZQ4UyTGQ&hrid=rBHup3G17c3BPKGkftO2SQ&utm_campaign=yelp_api_v3&utm_medium=api_v3_business_reviews&utm_source=oAYGHKSZvK_Az-ZQ4UyTGQ,7TnUTDAnNq3I4ipF-XWQKQ,community center,South LA Cafe,yelp,12-01-2019
2,FTr-V2fDf4-K5bv1aq0yyg,5,A great neighborhood coffee house.  Welcoming environment and helpful staff.  My new Saturday morning coffee spot.  Don't forget to have the coffee cake....,https://www.yelp.com/biz/south-la-cafe-los-angeles?adjust_creative=oAYGHKSZvK_Az-ZQ4UyTGQ&hrid=FTr-V2fDf4-K5bv1aq0yyg&utm_campaign=yelp_api_v3&utm_medium=api_v3_business_reviews&utm_source=oAYGHKSZvK_Az-ZQ4UyTGQ,CZhOMcXHMvXN3BLgBYRzOQ,community center,South LA Cafe,yelp,12-01-2019
0,17plWPD5A1HIhV-OZCvY3w,5,"I was at this location recently, I was there for a free work shop  on how to be prepared for a disaster. C.H.A.N.G.E.S. provided free food and a raffle....",https://www.yelp.com/biz/c-h-a-n-g-e-s-los-angeles?adjust_creative=oAYGHKSZvK_Az-ZQ4UyTGQ&hrid=17plWPD5A1HIhV-OZCvY3w&utm_campaign=yelp_api_v3&utm_medium=api_v3_business_reviews&utm_source=oAYGHKSZvK_Az-ZQ4UyTGQ,KhG4XVPMCQ7mZ6XsfOo9Qg,community center,C.H.A.N.G.E.S.,yelp,12-01-2019
0,8uh4jsbLeuHorLSMf2PYBw,5,"A great center that serves the community well. The place is packed with young boys to grown men playing basketball, and others rehearsing a theater...",https://www.yelp.com/biz/hermosa-beach-community-center-community-resources-department-hermosa-beach?adjust_creative=oAYGHKSZvK_Az-ZQ4UyTGQ&hrid=8uh4jsbLeuHorLSMf2PYBw&utm_campaign=yelp_api_v3&utm_medium=api_v3_business_reviews&utm_source=oAYGHKSZvK_Az-ZQ4UyTGQ,nTWdYtltu_S1YGFC1EVTPQ,community center,Hermosa Beach Community Center - Community Resources Department,yelp,12-01-2019
1,naJYcS6y3bSMPr3PAVeR6g,1,"Horribly ran skatepark. Hours are 3-7 on weekdays, only gives you 4 hours to skate. And the bald guy who is supposed to open the skatepark is always at...",https://www.yelp.com/biz/hermosa-beach-community-center-community-resources-department-hermosa-beach?adjust_creative=oAYGHKSZvK_Az-ZQ4UyTGQ&hrid=naJYcS6y3bSMPr3PAVeR6g&utm_campaign=yelp_api_v3&utm_medium=api_v3_business_reviews&utm_source=oAYGHKSZvK_Az-ZQ4UyTGQ,ha5rwTGJGarj8jlh6MHdjQ,community center,Hermosa Beach Community Center - Community Resources Department,yelp,12-01-2019
2,qmybCzr3DlNa6BYbP4oZ4w,5,"Artz Unlimited School,in Hermosa Beach,is the greatest class ever. The children's work is amazing,they duplicate photos and masterpieces.I have personally...",https://www.yelp.com/biz/hermosa-beach-community-center-community-resources-department-hermosa-beach?adjust_creative=oAYGHKSZvK_Az-ZQ4UyTGQ&hrid=qmybCzr3DlNa6BYbP4oZ4w&utm_campaign=yelp_api_v3&utm_medium=api_v3_business_reviews&utm_source=oAYGHKSZvK_Az-ZQ4UyTGQ,c_rpcl-K_dGpvU41s3BUVA,community center,Hermosa Beach Community Center - Community Resources Department,yelp,12-01-2019
0,IiLmTLMZYeMLb6qf8LKVTA,5,"I had my wedding reception at CFAER. I am happy and lucky that I was able to find and book this venue for my wedding.

I was impressed and excited on my...",https://www.yelp.com/biz/center-for-the-arts-eagle-rock-los-angeles?adjust_creative=oAYGHKSZvK_Az-ZQ4UyTGQ&hrid=IiLmTLMZYeMLb6qf8LKVTA&utm_campaign=yelp_api_v3&utm_medium=api_v3_business_reviews&utm_source=oAYGHKSZvK_Az-ZQ4UyTGQ,cJ6cxPG_HA5gqLzAtcK6bg,community center,"Center for the Arts, Eagle Rock",yelp,12-01-2019
1,pK6fMoIrFgiM4a5BXX3ayQ,4,"we came here for a friend's wedding and it was BEAUTIFUL!!! the building is gorgeous inside and out. great spot for a 100 person wedding. 

my only...",https://www.yelp.com/biz/center-for-the-arts-eagle-rock-los-angeles?adjust_creative=oAYGHKSZvK_Az-ZQ4UyTGQ&hrid=pK6fMoIrFgiM4a5BXX3ayQ&utm_campaign=yelp_api_v3&utm_medium=api_v3_business_reviews&utm_source=oAYGHKSZvK_Az-ZQ4UyTGQ,Gaav09Zp7jFgd9Nw6lUdHw,community center,"Center for the Arts, Eagle Rock",yelp,12-01-2019
2,nqfTGKoEfkBM8hHNRBV_8A,4,The service started off rocky. But overall communication picked up. They provided a thorough walk thru of the premises. Come the day of the event the space...,https://www.yelp.com/biz/center-for-the-arts-eagle-rock-los-angeles?adjust_creative=oAYGHKSZvK_Az-ZQ4UyTGQ&hrid=nqfTGKoEfkBM8hHNRBV_8A&utm_campaign=yelp_api_v3&utm_medium=api_v3_business_reviews&utm_source=oAYGHKSZvK_Az-ZQ4UyTGQ,BY8quwimpzsg5megWcaPpQ,community center,"Center for the Arts, Eagle Rock",yelp,12-01-2019
0,yl4ISeqcZf4RF1Ldnthg9Q,5,"Wonderful staff all around! 

I am a volunteer, and I can honestly say the children here receive the best tutoring and are able to participate in fun...",https://www.yelp.com/biz/mar-vista-family-center-los-angeles?adjust_creative=oAYGHKSZvK_Az-ZQ4UyTGQ&hrid=yl4ISeqcZf4RF1Ldnthg9Q&utm_campaign=yelp_api_v3&utm_medium=api_v3_business_reviews&utm_source=oAYGHKSZvK_Az-ZQ4UyTGQ,mnc2mcLdiWK5l3aWZWLvfA,community center,Mar Vista Family Center,yelp,12-01-2019
1,5jflW_tCtpkGiVkdsDnxPw,4,"A great community center!  My mother takes UCLA Extension preschool teacher's courses here.  The facility is very nice and up to date.  

They constantly...",https://www.yelp.com/biz/mar-vista-family-center-los-angeles?adjust_creative=oAYGHKSZvK_Az-ZQ4UyTGQ&hrid=5jflW_tCtpkGiVkdsDnxPw&utm_campaign=yelp_api_v3&utm_medium=api_v3_business_reviews&utm_source=oAYGHKSZvK_Az-ZQ4UyTGQ,nUW_8s0NPf6fIf54roGBEA,community center,Mar Vista Family Center,yelp,12-01-2019
0,4iIp_Sq_W0n2dBd7W7ilQA,5,The community center has a wonderful group of kids for which the staff is offering great incentive based community resources. The positive influence of the...,https://www.yelp.com/biz/lennox-park-lennox?adjust_creative=oAYGHKSZvK_Az-ZQ4UyTGQ&hrid=4iIp_Sq_W0n2dBd7W7ilQA&utm_campaign=yelp_api_v3&utm_medium=api_v3_business_reviews&utm_source=oAYGHKSZvK_Az-ZQ4UyTGQ,D7JJyy4qGI6RM-CAOYy7Qg,community center,Lennox Park,yelp,12-01-2019
1,ZSdkN4FPywo2KrDVW2ImOQ,5,"Small park, hardly any people compared to other parks. Close to residential area but slight hidden. Great programs. Looks like they have a full calendar...",https://www.yelp.com/biz/lennox-park-lennox?adjust_creative=oAYGHKSZvK_Az-ZQ4UyTGQ&hrid=ZSdkN4FPywo2KrDVW2ImOQ&utm_campaign=yelp_api_v3&utm_medium=api_v3_business_reviews&utm_source=oAYGHKSZvK_Az-ZQ4UyTGQ,cTFoY-RDR3fhHnX0Mc9ELA,community center,Lennox Park,yelp,12-01-2019
2,3rx8J29hfVk0yq2lIX13RQ,5,We've been coming here for years. Such a cute little park. My son loves it and every time we come my husband likes to ball up with the locals.,https://www.yelp.com/biz/lennox-park-lennox?adjust_creative=oAYGHKSZvK_Az-ZQ4UyTGQ&hrid=3rx8J29hfVk0yq2lIX13RQ&utm_campaign=yelp_api_v3&utm_medium=api_v3_business_reviews&utm_source=oAYGHKSZvK_Az-ZQ4UyTGQ,wpnx0HTPXbwMFADGYCOrbA,community center,Lennox Park,yelp,12-01-2019
0,nkUyWkwvmSAJrRiMvWRXMg,5,"If your looking for a venue to host your next event, search no more, because you've found the place! My name is Jose (JD) Daniel Vargas and I have known of...",https://www.yelp.com/biz/carson-center-carson?adjust_creative=oAYGHKSZvK_Az-ZQ4UyTGQ&hrid=nkUyWkwvmSAJrRiMvWRXMg&utm_campaign=yelp_api_v3&utm_medium=api_v3_business_reviews&utm_source=oAYGHKSZvK_Az-ZQ4UyTGQ,AQFiz383o2FvXNskhDBu8Q,community center,Carson Center,yelp,12-01-2019
1,BvbJ8qfJwbIYlHgeVNVN0Q,5,"This center is clean, professional and spacious. It's always an honor to commemrate the Lord's Evening Meal here on an annual basis. Parking is always a...",https://www.yelp.com/biz/carson-center-carson?adjust_creative=oAYGHKSZvK_Az-ZQ4UyTGQ&hrid=BvbJ8qfJwbIYlHgeVNVN0Q&utm_campaign=yelp_api_v3&utm_medium=api_v3_business_reviews&utm_source=oAYGHKSZvK_Az-ZQ4UyTGQ,OcBAg1qcBxyXlDW9OGSZJg,community center,Carson Center,yelp,12-01-2019
2,tbpHeemCjQOWI0CmudvR0w,5,"Beautiful, old-school and clean location.  Attended a Book event there over the weekend.",https://www.yelp.com/biz/carson-center-carson?adjust_creative=oAYGHKSZvK_Az-ZQ4UyTGQ&hrid=tbpHeemCjQOWI0CmudvR0w&utm_campaign=yelp_api_v3&utm_medium=api_v3_business_reviews&utm_source=oAYGHKSZvK_Az-ZQ4UyTGQ,k7cCoCpEmLFI1QKW-C8f_A,community center,Carson Center,yelp,12-01-2019
0,eHFbwzGkH4jpshXhkD4slQ,2,I am very disappointed in the quality of customer service I received from this place of business. I was interested in renting one of their banquet rooms for...,https://www.yelp.com/biz/lawndale-community-center-lawndale?adjust_creative=oAYGHKSZvK_Az-ZQ4UyTGQ&hrid=eHFbwzGkH4jpshXhkD4slQ&utm_campaign=yelp_api_v3&utm_medium=api_v3_business_reviews&utm_source=oAYGHKSZvK_Az-ZQ4UyTGQ,6a9sZHY8_8GZecE7HUrM0A,community center,Lawndale Community Center,yelp,12-01-2019
1,DDqwKoQR8YxMvcr-aYrUjw,5,"Went to city to get permits today. Perry was great, professional and helpful. My husband and I felt he went out of his way to help us. Hope to work with him...",https://www.yelp.com/biz/lawndale-community-center-lawndale?adjust_creative=oAYGHKSZvK_Az-ZQ4UyTGQ&hrid=DDqwKoQR8YxMvcr-aYrUjw&utm_campaign=yelp_api_v3&utm_medium=api_v3_business_reviews&utm_source=oAYGHKSZvK_Az-ZQ4UyTGQ,W9N9zoq7j6CcI_uKn4W9xA,community center,Lawndale Community Center,yelp,12-01-2019
2,xbs1rD9RiQThJ2rft1xYLQ,2,"Horrible service, in no way did they want to help. It's a shame that they were just so rude, especially when I live in Lawndale and expect so much more from...",https://www.yelp.com/biz/lawndale-community-center-lawndale?adjust_creative=oAYGHKSZvK_Az-ZQ4UyTGQ&hrid=xbs1rD9RiQThJ2rft1xYLQ&utm_campaign=yelp_api_v3&utm_medium=api_v3_business_reviews&utm_source=oAYGHKSZvK_Az-ZQ4UyTGQ,wUnz6-5FAwSpG-JFQhdgxg,community center,Lawndale Community Center,yelp,12-01-2019
0,DMUPfi-OGHA8oJv3mm6qbg,5,"I have never considered writing a review for JACCC despite being a member, I don't consider it as a yelp spot.
Membership has many discounts (i usually...",https://www.yelp.com/biz/japanese-american-cultural-and-community-center-los-angeles?adjust_creative=oAYGHKSZvK_Az-ZQ4UyTGQ&hrid=DMUPfi-OGHA8oJv3mm6qbg&utm_campaign=yelp_api_v3&utm_medium=api_v3_business_reviews&utm_source=oAYGHKSZvK_Az-ZQ4UyTGQ,XMH1DkucYJ_bZ3-cM99gHA,community center,Japanese American Cultural & Community Center,yelp,12-01-2019
1,SG3CfcNhL9pulmso7Ob--g,4,"We had an event there...  and it's a lovely space...  highly recommend it for a meeting or even a more high-end event.  

The gardens are lovely.  The staff...",https://www.yelp.com/biz/japanese-american-cultural-and-community-center-los-angeles?adjust_creative=oAYGHKSZvK_Az-ZQ4UyTGQ&hrid=SG3CfcNhL9pulmso7Ob--g&utm_campaign=yelp_api_v3&utm_medium=api_v3_business_reviews&utm_source=oAYGHKSZvK_Az-ZQ4UyTGQ,0x9xu_b0Ct_6hG6jaxpztw,community center,Japanese American Cultural & Community Center,yelp,12-01-2019
2,OQJDkvkQa8izUvjySF8wDw,5,"I love coming here for all their different displays, whether it be ikebana, pottery, bonsai, etc.  I hadn't  had the chance to come in a while. This last...",https://www.yelp.com/biz/japanese-american-cultural-and-community-center-los-angeles?adjust_creative=oAYGHKSZvK_Az-ZQ4UyTGQ&hrid=OQJDkvkQa8izUvjySF8wDw&utm_campaign=yelp_api_v3&utm_medium=api_v3_business_reviews&utm_source=oAYGHKSZvK_Az-ZQ4UyTGQ,GHYUiM3elmIbwpwrIqR_ew,community center,Japanese American Cultural & Community Center,yelp,12-01-2019
0,M7dkyDHqxaJxif4K1uY5nw,4,"It's a pocket park with some more in-depth stuff...  great if you have a kiddo or are a super nature lover or learning about gardening.

Even sans children...",https://www.yelp.com/biz/stoneview-nature-center-culver-city?adjust_creative=oAYGHKSZvK_Az-ZQ4UyTGQ&hrid=M7dkyDHqxaJxif4K1uY5nw&utm_campaign=yelp_api_v3&utm_medium=api_v3_business_reviews&utm_source=oAYGHKSZvK_Az-ZQ4UyTGQ,0x9xu_b0Ct_6hG6jaxpztw,community center,Stoneview Nature Center,yelp,12-01-2019
1,DR5V-xn668lsN62-YNMLRg,5,Culver City's best kept semi-secret! There are walking trails for strolling mostly and leads to a killer hillside trail with city views and the otherside of...,https://www.yelp.com/biz/stoneview-nature-center-culver-city?adjust_creative=oAYGHKSZvK_Az-ZQ4UyTGQ&hrid=DR5V-xn668lsN62-YNMLRg&utm_campaign=yelp_api_v3&utm_medium=api_v3_business_reviews&utm_source=oAYGHKSZvK_Az-ZQ4UyTGQ,ApeirrEHJaUmGwVe9gfPlg,community center,Stoneview Nature Center,yelp,12-01-2019
2,gVIPgRMAyWLKFsIxXz9bQw,5,"Came here on a field trip with my sons ELR class. Nice staff, beautiful view around the front of the center. My kids loved the quails (I think that's what...",https://www.yelp.com/biz/stoneview-nature-center-culver-city?adjust_creative=oAYGHKSZvK_Az-ZQ4UyTGQ&hrid=gVIPgRMAyWLKFsIxXz9bQw&utm_campaign=yelp_api_v3&utm_medium=api_v3_business_reviews&utm_source=oAYGHKSZvK_Az-ZQ4UyTGQ,m97tyjVYgFbZ2QusEvoIUg,community center,Stoneview Nature Center,yelp,12-01-2019
0,W4aJy40Y4KJL2Azw-ZfJgA,5,I went for their last sticker show and man did they put out. The graffiti on the walls were amazing and the band that performed was great !! I love that...,https://www.yelp.com/biz/chucos-justice-center-inglewood?adjust_creative=oAYGHKSZvK_Az-ZQ4UyTGQ&hrid=W4aJy40Y4KJL2Azw-ZfJgA&utm_campaign=yelp_api_v3&utm_medium=api_v3_business_reviews&utm_source=oAYGHKSZvK_Az-ZQ4UyTGQ,iAq4Wq1ucIGpRaEuti2vxA,community center,Chuco's Justice Center,yelp,12-01-2019
1,3WQ4xUr5sIEIJ04nIedJ5w,5,You want justice you will get it here. The community's gem. This group never gives up. A real spirited group of young people and mentors,https://www.yelp.com/biz/chucos-justice-center-inglewood?adjust_creative=oAYGHKSZvK_Az-ZQ4UyTGQ&hrid=3WQ4xUr5sIEIJ04nIedJ5w&utm_campaign=yelp_api_v3&utm_medium=api_v3_business_reviews&utm_source=oAYGHKSZvK_Az-ZQ4UyTGQ,uVztVNAcpZnL5aWu3PqntQ,community center,Chuco's Justice Center,yelp,12-01-2019
2,H82iKSMUPZUjS9HdVn8dLg,4,"This is definitely a hidden gem in Los Angeles. They offer homage to fallen citizens, offer tons of cultural classes like capoeira Angola and samba, and...",https://www.yelp.com/biz/chucos-justice-center-inglewood?adjust_creative=oAYGHKSZvK_Az-ZQ4UyTGQ&hrid=H82iKSMUPZUjS9HdVn8dLg&utm_campaign=yelp_api_v3&utm_medium=api_v3_business_reviews&utm_source=oAYGHKSZvK_Az-ZQ4UyTGQ,uGJByenTmuO51wnqVcMFMg,community center,Chuco's Justice Center,yelp,12-01-2019
0,DmxMduYXi0WgpGFjiyvJAg,5,"Great place to play Pickleball on tues am 9-12 thurs am 9-12 and Tuesday night 6-9pm 

Friendly group of people you can find on Facebook called Glendale...",https://www.yelp.com/biz/pacific-park-and-community-center-glendale?adjust_creative=oAYGHKSZvK_Az-ZQ4UyTGQ&hrid=DmxMduYXi0WgpGFjiyvJAg&utm_campaign=yelp_api_v3&utm_medium=api_v3_business_reviews&utm_source=oAYGHKSZvK_Az-ZQ4UyTGQ,x1zZPjSL5NOy2c5lqHjGZg,community center,Pacific Park and Community Center,yelp,12-01-2019
1,uyBdZ0-sJkY2LiadhotKiA,5,"My kids love this park, especially during the summer when they have the Splash Pad going. It is easy to take the kids and let them run around. They go...",https://www.yelp.com/biz/pacific-park-and-community-center-glendale?adjust_creative=oAYGHKSZvK_Az-ZQ4UyTGQ&hrid=uyBdZ0-sJkY2LiadhotKiA&utm_campaign=yelp_api_v3&utm_medium=api_v3_business_reviews&utm_source=oAYGHKSZvK_Az-ZQ4UyTGQ,BZzH2FHFacwcDuCbjQWasw,community center,Pacific Park and Community Center,yelp,12-01-2019
2,6NI_eeeF8zNDCsEFuhAsAw,5,I love coming to this park. I love to play basketball and shoot around both  in the inside and outside courts. The baseball and soccer field are large...,https://www.yelp.com/biz/pacific-park-and-community-center-glendale?adjust_creative=oAYGHKSZvK_Az-ZQ4UyTGQ&hrid=6NI_eeeF8zNDCsEFuhAsAw&utm_campaign=yelp_api_v3&utm_medium=api_v3_business_reviews&utm_source=oAYGHKSZvK_Az-ZQ4UyTGQ,wDJtaqfhrStAwqwRuxdMIg,community center,Pacific Park and Community Center,yelp,12-01-2019
0,2E6Nr6-1_YuwqiP23YVL3A,5,"Spacious and well-appointed venue; very accommodating staff and management - Swathi, who handles the bookings, is an incredibly kind and giving person....",https://www.yelp.com/biz/the-catalina-room-redondo-beach?adjust_creative=oAYGHKSZvK_Az-ZQ4UyTGQ&hrid=2E6Nr6-1_YuwqiP23YVL3A&utm_campaign=yelp_api_v3&utm_medium=api_v3_business_reviews&utm_source=oAYGHKSZvK_Az-ZQ4UyTGQ,wNxaq_Do__3oWtegRY411A,community center,The Catalina Room,yelp,12-01-2019
1,mjSy_USRoSat21RBwhfpYQ,5,"A beautiful venue that made for an unforgettable wedding night for our daughter and her husband! The ballroom is magical with all of the bistro lights, the...",https://www.yelp.com/biz/the-catalina-room-redondo-beach?adjust_creative=oAYGHKSZvK_Az-ZQ4UyTGQ&hrid=mjSy_USRoSat21RBwhfpYQ&utm_campaign=yelp_api_v3&utm_medium=api_v3_business_reviews&utm_source=oAYGHKSZvK_Az-ZQ4UyTGQ,-MgTv6G5tKGHnTe4XHMJyQ,community center,The Catalina Room,yelp,12-01-2019
2,1sj_8Ykdko8qI4hZLfvlwg,5,"My niece just had her wedding there and it was amazing! The staff was super helpful and very nice. The location was perfect, and the venue was exquisite!",https://www.yelp.com/biz/the-catalina-room-redondo-beach?adjust_creative=oAYGHKSZvK_Az-ZQ4UyTGQ&hrid=1sj_8Ykdko8qI4hZLfvlwg&utm_campaign=yelp_api_v3&utm_medium=api_v3_business_reviews&utm_source=oAYGHKSZvK_Az-ZQ4UyTGQ,DapYttkq_Rz8Q885pIOVyg,community center,The Catalina Room,yelp,12-01-2019
0,m09NHdtI8TawnPMhXGtWQg,5,Such an awesome center! They offer so many programs here and the staff is amazing! They just remodeled the playground and it looks so nice!very thankful for...,https://www.yelp.com/biz/richstone-family-center-hawthorne?adjust_creative=oAYGHKSZvK_Az-ZQ4UyTGQ&hrid=m09NHdtI8TawnPMhXGtWQg&utm_campaign=yelp_api_v3&utm_medium=api_v3_business_reviews&utm_source=oAYGHKSZvK_Az-ZQ4UyTGQ,q_vhO35lho9qk4aZdIH3bg,community center,Richstone Family Center,yelp,12-01-2019
1,stzTsXmRCtw46wPciHJQ-w,5,Love this place so helpful with everything and the people are so nice and they have so many programs tgat are very resourceful for families,https://www.yelp.com/biz/richstone-family-center-hawthorne?adjust_creative=oAYGHKSZvK_Az-ZQ4UyTGQ&hrid=stzTsXmRCtw46wPciHJQ-w&utm_campaign=yelp_api_v3&utm_medium=api_v3_business_reviews&utm_source=oAYGHKSZvK_Az-ZQ4UyTGQ,DrdGku0_C7gzvIQdvvB36g,community center,Richstone Family Center,yelp,12-01-2019
2,IrzZbOfy-h0K0cMIO9wTpQ,5,I have been going here since before I started counseling with my boyfriend. I actually started coming here because I wanted to be better then I could ever...,https://www.yelp.com/biz/richstone-family-center-hawthorne?adjust_creative=oAYGHKSZvK_Az-ZQ4UyTGQ&hrid=IrzZbOfy-h0K0cMIO9wTpQ&utm_campaign=yelp_api_v3&utm_medium=api_v3_business_reviews&utm_source=oAYGHKSZvK_Az-ZQ4UyTGQ,lfK-PIhUcgfenp0LgfdICQ,community center,Richstone Family Center,yelp,12-01-2019
0,stIVMcMWHcnvcm-0KMqDfg,5,"I've been a member of the Community Center for a few years now.  They offer many different programs for all ages.  

But due to work, I have only been able...",https://www.yelp.com/biz/east-san-gabriel-valley-japanese-community-center-west-covina?adjust_creative=oAYGHKSZvK_Az-ZQ4UyTGQ&hrid=stIVMcMWHcnvcm-0KMqDfg&utm_campaign=yelp_api_v3&utm_medium=api_v3_business_reviews&utm_source=oAYGHKSZvK_Az-ZQ4UyTGQ,bWS7Qmxa0ICPQ_dedmeh1Q,community center,East San Gabriel Valley Japanese Community Center,yelp,12-01-2019
1,42TFxH--9c98_XQJaScZDw,5,We hosted a party at the gym. Tina was awesome working with me and coordinating all the details!,https://www.yelp.com/biz/east-san-gabriel-valley-japanese-community-center-west-covina?adjust_creative=oAYGHKSZvK_Az-ZQ4UyTGQ&hrid=42TFxH--9c98_XQJaScZDw&utm_campaign=yelp_api_v3&utm_medium=api_v3_business_reviews&utm_source=oAYGHKSZvK_Az-ZQ4UyTGQ,axeDUuZVIeUpa6o5lUaZvw,community center,East San Gabriel Valley Japanese Community Center,yelp,12-01-2019
2,Et3LuGB2UygAAGCa8B5zYg,5,Came in on a field trip with my child. It was so interesting the tour they gave here was so much information of the history of Japanese culture. It was...,https://www.yelp.com/biz/east-san-gabriel-valley-japanese-community-center-west-covina?adjust_creative=oAYGHKSZvK_Az-ZQ4UyTGQ&hrid=Et3LuGB2UygAAGCa8B5zYg&utm_campaign=yelp_api_v3&utm_medium=api_v3_business_reviews&utm_source=oAYGHKSZvK_Az-ZQ4UyTGQ,Y6h2--EeC5xVGN_v9VEdtw,community center,East San Gabriel Valley Japanese Community Center,yelp,12-01-2019
0,AufnCftak8P3IraRflfvYQ,4,It's a great rec center. The Young Chefs cooking class they offer is awesome and totally affordable. If you're looking for an activity to get your child...,https://www.yelp.com/biz/barbara-j-riley-community-and-senior-center-downey?adjust_creative=oAYGHKSZvK_Az-ZQ4UyTGQ&hrid=AufnCftak8P3IraRflfvYQ&utm_campaign=yelp_api_v3&utm_medium=api_v3_business_reviews&utm_source=oAYGHKSZvK_Az-ZQ4UyTGQ,2M2GdA9HzcXI5cqECZDqgg,community center,Barbara J Riley Community and Senior Center,yelp,12-01-2019
1,CjYFzVPuqAaMFJLxqG9QKA,5,"I am a big biased because I work for the city, but the Barbara j Riley community and senior center is one of the best community centers around.
They offer a...",https://www.yelp.com/biz/barbara-j-riley-community-and-senior-center-downey?adjust_creative=oAYGHKSZvK_Az-ZQ4UyTGQ&hrid=CjYFzVPuqAaMFJLxqG9QKA&utm_campaign=yelp_api_v3&utm_medium=api_v3_business_reviews&utm_source=oAYGHKSZvK_Az-ZQ4UyTGQ,HOYpbVlzXppKo_No-8ASsA,community center,Barbara J Riley Community and Senior Center,yelp,12-01-2019
2,xJ91b50A5GHGPuH18XQ_FQ,3,"The Barbara J Riley Community and Senior Center in Downey is a nice, well-kept facility as far as first impressions go. 

For the months of October and...",https://www.yelp.com/biz/barbara-j-riley-community-and-senior-center-downey?adjust_creative=oAYGHKSZvK_Az-ZQ4UyTGQ&hrid=xJ91b50A5GHGPuH18XQ_FQ&utm_campaign=yelp_api_v3&utm_medium=api_v3_business_reviews&utm_source=oAYGHKSZvK_Az-ZQ4UyTGQ,SRqtqW96nDIxtDM7qc1YGA,community center,Barbara J Riley Community and Senior Center,yelp,12-01-2019
0,9opHCPX4CXmhbLrcsRUqZg,5,Joanna was super sweet on the phone and even more in person! She was very patient with my understanding on selling and buying euros (other places weren't!)....,https://www.yelp.com/biz/continental-currency-services-los-angeles-65?adjust_creative=oAYGHKSZvK_Az-ZQ4UyTGQ&hrid=9opHCPX4CXmhbLrcsRUqZg&utm_campaign=yelp_api_v3&utm_medium=api_v3_business_reviews&utm_source=oAYGHKSZvK_Az-ZQ4UyTGQ,zZPTGI2Pokfi5NCcYbhSTQ,payday loans,Continental Currency Services,yelp,12-01-2019
1,E32GNUvY8hIj6WqhW2sbvQ,5,"They were so friendly and helpful! After driving from place to place to try and get a money order and finding out that they were closed or couldn't help me,...",https://www.yelp.com/biz/continental-currency-services-los-angeles-65?adjust_creative=oAYGHKSZvK_Az-ZQ4UyTGQ&hrid=E32GNUvY8hIj6WqhW2sbvQ&utm_campaign=yelp_api_v3&utm_medium=api_v3_business_reviews&utm_source=oAYGHKSZvK_Az-ZQ4UyTGQ,dZjO7sHqtLG_QdSUImOyjQ,payday loans,Continental Currency Services,yelp,12-01-2019
2,68sfs7Hkf_qT6CUNksVSVA,4,"CCS is a convenient way for me to do payday loans. The people there are always super friendly and their location is perfect for me. 

Fair pricing, friendly...",https://www.yelp.com/biz/continental-currency-services-los-angeles-65?adjust_creative=oAYGHKSZvK_Az-ZQ4UyTGQ&hrid=68sfs7Hkf_qT6CUNksVSVA&utm_campaign=yelp_api_v3&utm_medium=api_v3_business_reviews&utm_source=oAYGHKSZvK_Az-ZQ4UyTGQ,hXnEAY2B9R7IgwiVGT1bJQ,payday loans,Continental Currency Services,yelp,12-01-2019
0,63pelf1B5IdiAdoJPN6qDA,5,"I've always returned to this location when I needed a pay day loan. They are always friendly and fast. I was out of town when my loan was due, and I called...",https://www.yelp.com/biz/cashback-loans-los-angeles?adjust_creative=oAYGHKSZvK_Az-ZQ4UyTGQ&hrid=63pelf1B5IdiAdoJPN6qDA&utm_campaign=yelp_api_v3&utm_medium=api_v3_business_reviews&utm_source=oAYGHKSZvK_Az-ZQ4UyTGQ,VXNA0rYGUljZJG0eTmQlkQ,payday loans,Cashback Loans,yelp,12-01-2019
1,B2Omvk-Gcm9U-VNw-F8zRA,5,"It's been years since I needed a payday loan.  I went to a lot of places but Cashback Loans by far was the friendliest, easiest, and quickest payday loan I...",https://www.yelp.com/biz/cashback-loans-los-angeles?adjust_creative=oAYGHKSZvK_Az-ZQ4UyTGQ&hrid=B2Omvk-Gcm9U-VNw-F8zRA&utm_campaign=yelp_api_v3&utm_medium=api_v3_business_reviews&utm_source=oAYGHKSZvK_Az-ZQ4UyTGQ,ad-kOWUcMg5GuA7wG4_sJA,payday loans,Cashback Loans,yelp,12-01-2019
2,RL8eyKIYqGyt0a7gOop1UA,5,Ema was very helpful and answered all the questions we asked. Also she explained everything and pretty answered what we would have asked!!,https://www.yelp.com/biz/cashback-loans-los-angeles?adjust_creative=oAYGHKSZvK_Az-ZQ4UyTGQ&hrid=RL8eyKIYqGyt0a7gOop1UA&utm_campaign=yelp_api_v3&utm_medium=api_v3_business_reviews&utm_source=oAYGHKSZvK_Az-ZQ4UyTGQ,OgqS95FKbozmtfeaHMkEmw,payday loans,Cashback Loans,yelp,12-01-2019
0,984qJIGUMhqGgCuwxVw8xw,5,Darnisha is amazing. On the phone and in person.  Amazingly helpful considering I came in right before they closed it,https://www.yelp.com/biz/speedy-cash-los-angeles-9?adjust_creative=oAYGHKSZvK_Az-ZQ4UyTGQ&hrid=984qJIGUMhqGgCuwxVw8xw&utm_campaign=yelp_api_v3&utm_medium=api_v3_business_reviews&utm_source=oAYGHKSZvK_Az-ZQ4UyTGQ,hibHq2maRWZmHo3CFkusjA,payday loans,Speedy Cash,yelp,12-01-2019
1,A0yOeM3VyU4D7jdv6kUaJA,1,"Unfriendly staff. Worst rates! Almost 96% just in interest. Not worthy. Do a favor to your self!
I borrowed $2,600 and I was end paying 10,000 only in...",https://www.yelp.com/biz/speedy-cash-los-angeles-9?adjust_creative=oAYGHKSZvK_Az-ZQ4UyTGQ&hrid=A0yOeM3VyU4D7jdv6kUaJA&utm_campaign=yelp_api_v3&utm_medium=api_v3_business_reviews&utm_source=oAYGHKSZvK_Az-ZQ4UyTGQ,VBSd7djX2mrO18TV8ay-gw,payday loans,Speedy Cash,yelp,12-01-2019
2,R6yVvD4V5XJe8wf203fpIQ,2,ive two out an couple of loans here at the speedy cash the cashiers always give me too much cash .. talk to much they dont remeber when they do wrong i hate...,https://www.yelp.com/biz/speedy-cash-los-angeles-9?adjust_creative=oAYGHKSZvK_Az-ZQ4UyTGQ&hrid=R6yVvD4V5XJe8wf203fpIQ&utm_campaign=yelp_api_v3&utm_medium=api_v3_business_reviews&utm_source=oAYGHKSZvK_Az-ZQ4UyTGQ,CbLyHi6i6AP-qd5kK5nPdQ,payday loans,Speedy Cash,yelp,12-01-2019
0,bPP5ngGkBPkDC4KxOHcVGg,5,I called a few places but no help. I was going with loan mart but they were sending me to the DMV and giving me the run around. As soon as I got on the...,https://www.yelp.com/biz/fast-auto-and-payday-loans-los-angeles-8?adjust_creative=oAYGHKSZvK_Az-ZQ4UyTGQ&hrid=bPP5ngGkBPkDC4KxOHcVGg&utm_campaign=yelp_api_v3&utm_medium=api_v3_business_reviews&utm_source=oAYGHKSZvK_Az-ZQ4UyTGQ,RjX3rRs94lD4IRI1UH-J4w,payday loans,Fast Auto And Payday Loans,yelp,12-01-2019
1,Yxne1DyzYU0UzyxRRHzuSQ,5,I was in need of money for a very personal issue and struggle I was going through. I went into fast auto loan and pay day expecting to deal with a sleazy...,https://www.yelp.com/biz/fast-auto-and-payday-loans-los-angeles-8?adjust_creative=oAYGHKSZvK_Az-ZQ4UyTGQ&hrid=Yxne1DyzYU0UzyxRRHzuSQ&utm_campaign=yelp_api_v3&utm_medium=api_v3_business_reviews&utm_source=oAYGHKSZvK_Az-ZQ4UyTGQ,Jp6qad_CvKt2CmQlUkyfOw,payday loans,Fast Auto And Payday Loans,yelp,12-01-2019
2,dzXKY9CjEmp_f1pJ_u0URA,5,"Connie is the best and she let my dog come in, when go see Connie tell her gloria sent u",https://www.yelp.com/biz/fast-auto-and-payday-loans-los-angeles-8?adjust_creative=oAYGHKSZvK_Az-ZQ4UyTGQ&hrid=dzXKY9CjEmp_f1pJ_u0URA&utm_campaign=yelp_api_v3&utm_medium=api_v3_business_reviews&utm_source=oAYGHKSZvK_Az-ZQ4UyTGQ,Wfa-CoT4mowqOkw7OEiqRw,payday loans,Fast Auto And Payday Loans,yelp,12-01-2019
0,oLjzDjv0i7qGYvYB_vggUQ,5,I had to exchange some money here last minute.  It was the day before my trip to Europe and I needed to find some currency ASAP (because I'm a great...,https://www.yelp.com/biz/continental-currency-services-ccs-culver-city?adjust_creative=oAYGHKSZvK_Az-ZQ4UyTGQ&hrid=oLjzDjv0i7qGYvYB_vggUQ&utm_campaign=yelp_api_v3&utm_medium=api_v3_business_reviews&utm_source=oAYGHKSZvK_Az-ZQ4UyTGQ,VCoF6HDEP4M9sCgWsOXDRg,payday loans,Continental Currency Services - CCS,yelp,12-01-2019
1,CEWH6jlKfMulyH2m1Cka8w,5,"My experience with CCS was wonderful. I've used other services previously and this location was closer and easier for me to access.

I requested quotes from...",https://www.yelp.com/biz/continental-currency-services-ccs-culver-city?adjust_creative=oAYGHKSZvK_Az-ZQ4UyTGQ&hrid=CEWH6jlKfMulyH2m1Cka8w&utm_campaign=yelp_api_v3&utm_medium=api_v3_business_reviews&utm_source=oAYGHKSZvK_Az-ZQ4UyTGQ,feJA1IH2-jGFOxPDZ3_PzQ,payday loans,Continental Currency Services - CCS,yelp,12-01-2019
2,w91G4jyhQwAcBdKzQ2vGSw,5,Nice staff friendly and very helpful. They don't rip you off like most places definitely coming back . I recommend this place to anyone the young ladies are...,https://www.yelp.com/biz/continental-currency-services-ccs-culver-city?adjust_creative=oAYGHKSZvK_Az-ZQ4UyTGQ&hrid=w91G4jyhQwAcBdKzQ2vGSw&utm_campaign=yelp_api_v3&utm_medium=api_v3_business_reviews&utm_source=oAYGHKSZvK_Az-ZQ4UyTGQ,_evbBjDsU8_SU7XC8mBBqA,payday loans,Continental Currency Services - CCS,yelp,12-01-2019
0,8OQ0jl3ZL-o9XeLEdXMxNw,1,"So I called in to see what is needed  To get a payday loan. Ebony assisted me over the phone she informed me that you need ID, Paystub, and banking...",https://www.yelp.com/biz/check-into-cash-los-angeles-4?adjust_creative=oAYGHKSZvK_Az-ZQ4UyTGQ&hrid=8OQ0jl3ZL-o9XeLEdXMxNw&utm_campaign=yelp_api_v3&utm_medium=api_v3_business_reviews&utm_source=oAYGHKSZvK_Az-ZQ4UyTGQ,zr1MqG8qw_zv2JDkAcB_Aw,payday loans,Check Into Cash,yelp,12-01-2019
1,R1ygD89HPSADs-dGuYF2aw,1,These people are so unprofessional!  HORRIBLE CUSTOMER SERVICE!  I advise anyone not to use this office for their check cashing or payday loan needs.  I was...,https://www.yelp.com/biz/check-into-cash-los-angeles-4?adjust_creative=oAYGHKSZvK_Az-ZQ4UyTGQ&hrid=R1ygD89HPSADs-dGuYF2aw&utm_campaign=yelp_api_v3&utm_medium=api_v3_business_reviews&utm_source=oAYGHKSZvK_Az-ZQ4UyTGQ,nLg2b7VAemYXQbUIuT5Acg,payday loans,Check Into Cash,yelp,12-01-2019
2,8qIfYerXLFiiXlbRHYXUjg,1,DO NOT COME to this piece of SHIT!!! RUDE employee named JANETTE (crackhead looking  bitch) my boyfriend called prior to coming in. We were told certain...,https://www.yelp.com/biz/check-into-cash-los-angeles-4?adjust_creative=oAYGHKSZvK_Az-ZQ4UyTGQ&hrid=8qIfYerXLFiiXlbRHYXUjg&utm_campaign=yelp_api_v3&utm_medium=api_v3_business_reviews&utm_source=oAYGHKSZvK_Az-ZQ4UyTGQ,-P3bg9ge0Fbt5L05_v4pqA,payday loans,Check Into Cash,yelp,12-01-2019
0,E4uIFKvLCZacpJTpZGCruQ,5,Karen is the best! She made the whole process of getting a loan easy and less nerve-wracking...I would definitely recommend this place to anyone looking for...,https://www.yelp.com/biz/pacific-cash-advance-carson?adjust_creative=oAYGHKSZvK_Az-ZQ4UyTGQ&hrid=E4uIFKvLCZacpJTpZGCruQ&utm_campaign=yelp_api_v3&utm_medium=api_v3_business_reviews&utm_source=oAYGHKSZvK_Az-ZQ4UyTGQ,dMKj-hYnGzUPgVTjFVbqVA,payday loans,Pacific Cash Advance,yelp,12-01-2019
0,AjACgl413gTL_Mnj-oZmfA,5,The employees are very friendly.  Professional!  As for the other comment that thinks the interest is too high...well go out and get yourself a low interest...,https://www.yelp.com/biz/e-z-check-advance-marina-del-rey?adjust_creative=oAYGHKSZvK_Az-ZQ4UyTGQ&hrid=AjACgl413gTL_Mnj-oZmfA&utm_campaign=yelp_api_v3&utm_medium=api_v3_business_reviews&utm_source=oAYGHKSZvK_Az-ZQ4UyTGQ,ksqZYsNMKQPq9I2W1nbdXQ,payday loans,E-Z Check Advance,yelp,12-01-2019
1,BFuw1z3wxFycYqN5DXybYQ,1,Worse experience ever! They say one thing and do another! I would not recommend this location but ACE Check cashing is a better establishment and they are...,https://www.yelp.com/biz/e-z-check-advance-marina-del-rey?adjust_creative=oAYGHKSZvK_Az-ZQ4UyTGQ&hrid=BFuw1z3wxFycYqN5DXybYQ&utm_campaign=yelp_api_v3&utm_medium=api_v3_business_reviews&utm_source=oAYGHKSZvK_Az-ZQ4UyTGQ,IaxLSrXrU48PirFM93ff_g,payday loans,E-Z Check Advance,yelp,12-01-2019
2,DRJ6ny458gK9FtVPj2_KsQ,5,"The staff here is great!!! They are friendly, polite and courteous.  They're always helpful and nice no matter what time of day I come in to do business....",https://www.yelp.com/biz/e-z-check-advance-marina-del-rey?adjust_creative=oAYGHKSZvK_Az-ZQ4UyTGQ&hrid=DRJ6ny458gK9FtVPj2_KsQ&utm_campaign=yelp_api_v3&utm_medium=api_v3_business_reviews&utm_source=oAYGHKSZvK_Az-ZQ4UyTGQ,qzEaEQ-eOSKp2b5aRRuO-g,payday loans,E-Z Check Advance,yelp,12-01-2019
0,PTw6hQ-AN2nWFPytMloVPw,1,This place no longer exists!! I went - went around the address the place used to be there a long long time ago.,https://www.yelp.com/biz/cash-depot-hawthorne?adjust_creative=oAYGHKSZvK_Az-ZQ4UyTGQ&hrid=PTw6hQ-AN2nWFPytMloVPw&utm_campaign=yelp_api_v3&utm_medium=api_v3_business_reviews&utm_source=oAYGHKSZvK_Az-ZQ4UyTGQ,xpFbINEUNtuaKws8GgzwUg,payday loans,Cash Depot,yelp,12-01-2019
1,eiUEHfjx3hyjzfTR6HbeGA,5,I've been going to this location for over a year now since I moved from Long Beach. Ericka has helped me mostly and a few times the male attendant. Both...,https://www.yelp.com/biz/cash-depot-hawthorne?adjust_creative=oAYGHKSZvK_Az-ZQ4UyTGQ&hrid=eiUEHfjx3hyjzfTR6HbeGA&utm_campaign=yelp_api_v3&utm_medium=api_v3_business_reviews&utm_source=oAYGHKSZvK_Az-ZQ4UyTGQ,SaMG61M7BM6Q-jGawDJW-A,payday loans,Cash Depot,yelp,12-01-2019
2,Y07bcU0qAxQdKKueqsSHkg,5,Good service fast and they had wester union were is hard t find in torrence i recomended,https://www.yelp.com/biz/cash-depot-hawthorne?adjust_creative=oAYGHKSZvK_Az-ZQ4UyTGQ&hrid=Y07bcU0qAxQdKKueqsSHkg&utm_campaign=yelp_api_v3&utm_medium=api_v3_business_reviews&utm_source=oAYGHKSZvK_Az-ZQ4UyTGQ,ZF8RXZK4m2bxHocUTkMu4g,payday loans,Cash Depot,yelp,12-01-2019
0,1VVEOyZOofz5V2eyx9tTYg,5,Deysi and Liz were incredible patient and well-versed; answered every question I had; kind even through other customer's loud children; always trying to...,https://www.yelp.com/biz/rpm-lenders-los-angeles-14?adjust_creative=oAYGHKSZvK_Az-ZQ4UyTGQ&hrid=1VVEOyZOofz5V2eyx9tTYg&utm_campaign=yelp_api_v3&utm_medium=api_v3_business_reviews&utm_source=oAYGHKSZvK_Az-ZQ4UyTGQ,Y6L6-Cr0tfcOOk9eu86EWQ,payday loans,Rpm Lenders,yelp,12-01-2019
1,FTqOC5v7PnEErP9Poe0owQ,5,Went in for a payday loan and Gabriela helped me out. She made the experience smooth and quick. I will definitely come back and I recommend them.,https://www.yelp.com/biz/rpm-lenders-los-angeles-14?adjust_creative=oAYGHKSZvK_Az-ZQ4UyTGQ&hrid=FTqOC5v7PnEErP9Poe0owQ&utm_campaign=yelp_api_v3&utm_medium=api_v3_business_reviews&utm_source=oAYGHKSZvK_Az-ZQ4UyTGQ,Q1g0VqLA7m4Eeua9m4Zizw,payday loans,Rpm Lenders,yelp,12-01-2019
0,YN4T4n8nR47y1ypVjxlIrA,1,"My main complaint about this place was the horrifically rude employee who was helping me (I use that term loosely). Her name was Jimena. 
From the minute I...",https://www.yelp.com/biz/moneytree-long-beach?adjust_creative=oAYGHKSZvK_Az-ZQ4UyTGQ&hrid=YN4T4n8nR47y1ypVjxlIrA&utm_campaign=yelp_api_v3&utm_medium=api_v3_business_reviews&utm_source=oAYGHKSZvK_Az-ZQ4UyTGQ,k39eJ0ZJHJuoq-Z6hXxpiw,payday loans,Moneytree,yelp,12-01-2019
1,vzRrh1OQ3pwd_rfX0YkVTw,5,"I want to thank Jimena for the wonderful service she helps me with when I need help with cashing a check, or whether it be transfering money, or paying a...",https://www.yelp.com/biz/moneytree-long-beach?adjust_creative=oAYGHKSZvK_Az-ZQ4UyTGQ&hrid=vzRrh1OQ3pwd_rfX0YkVTw&utm_campaign=yelp_api_v3&utm_medium=api_v3_business_reviews&utm_source=oAYGHKSZvK_Az-ZQ4UyTGQ,N_-7DlVt5I1CM3w6tOVrZg,payday loans,Moneytree,yelp,12-01-2019
2,5MQqPz-PTbjSkluc8cffyA,5,Erika from this location is always pleasant and courteous.  Everyone are nice and kind . Would definitely recommend this location.,https://www.yelp.com/biz/moneytree-long-beach?adjust_creative=oAYGHKSZvK_Az-ZQ4UyTGQ&hrid=5MQqPz-PTbjSkluc8cffyA&utm_campaign=yelp_api_v3&utm_medium=api_v3_business_reviews&utm_source=oAYGHKSZvK_Az-ZQ4UyTGQ,Om5ksZv7JjrAK7cF1Orq2w,payday loans,Moneytree,yelp,12-01-2019
0,C8E6GgPGhC_Uj9UNqpvxeQ,1,Wow. That's all I have to say. Just cause you work in the ghetto don't mean you gotta be ghetto. But these females think they're big and bad behind a...,https://www.yelp.com/biz/speedy-cash-los-angeles-3?adjust_creative=oAYGHKSZvK_Az-ZQ4UyTGQ&hrid=C8E6GgPGhC_Uj9UNqpvxeQ&utm_campaign=yelp_api_v3&utm_medium=api_v3_business_reviews&utm_source=oAYGHKSZvK_Az-ZQ4UyTGQ,ifXQGsRCXPEVBZzdB4KVbA,payday loans,Speedy Cash,yelp,12-01-2019
1,FAiVZUDdysAQOjbW9ZLAaw,5,I don't know why there are so little stars for this Speedy Cash location. The customer service has always been very well. The loan agents have always...,https://www.yelp.com/biz/speedy-cash-los-angeles-3?adjust_creative=oAYGHKSZvK_Az-ZQ4UyTGQ&hrid=FAiVZUDdysAQOjbW9ZLAaw&utm_campaign=yelp_api_v3&utm_medium=api_v3_business_reviews&utm_source=oAYGHKSZvK_Az-ZQ4UyTGQ,Gk9hfpsWBCjKbfURN-hpsA,payday loans,Speedy Cash,yelp,12-01-2019
2,RISuwaijjx9nanElpxQ_IQ,1,Horrible not only are they rude when you call them they pick up the phone and hang up on you never coming back here poor customer service rude and...,https://www.yelp.com/biz/speedy-cash-los-angeles-3?adjust_creative=oAYGHKSZvK_Az-ZQ4UyTGQ&hrid=RISuwaijjx9nanElpxQ_IQ&utm_campaign=yelp_api_v3&utm_medium=api_v3_business_reviews&utm_source=oAYGHKSZvK_Az-ZQ4UyTGQ,zd9phIlPVCjPaTr4Cgy_rQ,payday loans,Speedy Cash,yelp,12-01-2019
0,xCWyUxMqgv_WnPFvlyvFKQ,5,"Good fast service. I called before  i went down, the guy seemed pleasant and knowledgeable. He spoke clearly and I was glad to deal with someone whom I...",https://www.yelp.com/biz/b-and-b-check-cashing-huntington-park-2?adjust_creative=oAYGHKSZvK_Az-ZQ4UyTGQ&hrid=xCWyUxMqgv_WnPFvlyvFKQ&utm_campaign=yelp_api_v3&utm_medium=api_v3_business_reviews&utm_source=oAYGHKSZvK_Az-ZQ4UyTGQ,fRSMr5arZCfhyne4PAfCuQ,payday loans,B & B Check Cashing,yelp,12-01-2019
0,ybsKdSBRCoZVQ1WgtNaXfA,5,Had the best experience with the employees because they were able to help me financially and it was such a seem less process. They understood what I was...,https://www.yelp.com/biz/fast-auto-and-payday-loans-inglewood-3?adjust_creative=oAYGHKSZvK_Az-ZQ4UyTGQ&hrid=ybsKdSBRCoZVQ1WgtNaXfA&utm_campaign=yelp_api_v3&utm_medium=api_v3_business_reviews&utm_source=oAYGHKSZvK_Az-ZQ4UyTGQ,a_E4TN1mE0PA7u4Qev1pfg,payday loans,Fast Auto and Payday Loans,yelp,12-01-2019
1,CGL3z_Okno48Xkad0MdNMA,1,This is a loan shark. Pay attention to what you are signing. The contract. Your paying %150 if not more on your loan. Its better to sale your car to the...,https://www.yelp.com/biz/fast-auto-and-payday-loans-inglewood-3?adjust_creative=oAYGHKSZvK_Az-ZQ4UyTGQ&hrid=CGL3z_Okno48Xkad0MdNMA&utm_campaign=yelp_api_v3&utm_medium=api_v3_business_reviews&utm_source=oAYGHKSZvK_Az-ZQ4UyTGQ,_vEar5ltjVYIlvHnWZI9Ng,payday loans,Fast Auto and Payday Loans,yelp,12-01-2019
0,d5_qYOICgyS35rcUf_1FCQ,5,"Great service and nice staff. My bank couldn't cash my check at the same day. One branch told me they don't have large bills, other said I have to deposit...",https://www.yelp.com/biz/la-cienega-check-cashing-los-angeles-2?adjust_creative=oAYGHKSZvK_Az-ZQ4UyTGQ&hrid=d5_qYOICgyS35rcUf_1FCQ&utm_campaign=yelp_api_v3&utm_medium=api_v3_business_reviews&utm_source=oAYGHKSZvK_Az-ZQ4UyTGQ,vq_aDFtZm02ga3hejUkpBQ,payday loans,La Cienega Check Cashing,yelp,12-01-2019
1,TW2EfyXUCDP64gdFhv3d0w,5,This could not have gone any better. I give a class locally every other month and I am paid via a paper check. I was counting on the money for this long...,https://www.yelp.com/biz/la-cienega-check-cashing-los-angeles-2?adjust_creative=oAYGHKSZvK_Az-ZQ4UyTGQ&hrid=TW2EfyXUCDP64gdFhv3d0w&utm_campaign=yelp_api_v3&utm_medium=api_v3_business_reviews&utm_source=oAYGHKSZvK_Az-ZQ4UyTGQ,_-9xJD4hS9Aq302sCQ26kg,payday loans,La Cienega Check Cashing,yelp,12-01-2019
2,xI1Kxoz5drYYlYTk2Wxryg,5,"Paula and Stephanie were fantastic! I was cashing my check and they made it fast, easy and even gave me useful information that I needed! Thanks ladies! I...",https://www.yelp.com/biz/la-cienega-check-cashing-los-angeles-2?adjust_creative=oAYGHKSZvK_Az-ZQ4UyTGQ&hrid=xI1Kxoz5drYYlYTk2Wxryg&utm_campaign=yelp_api_v3&utm_medium=api_v3_business_reviews&utm_source=oAYGHKSZvK_Az-ZQ4UyTGQ,ScRDMUSASjTuBy0OykDyIg,payday loans,La Cienega Check Cashing,yelp,12-01-2019
0,WDwbR3jz4n51UNgljyvh_A,5,First of all I would like to say I am really thankful and appreciate the great service that was given to me at this location! I recognize great customer...,https://www.yelp.com/biz/rpm-lenders-los-angeles-13?adjust_creative=oAYGHKSZvK_Az-ZQ4UyTGQ&hrid=WDwbR3jz4n51UNgljyvh_A&utm_campaign=yelp_api_v3&utm_medium=api_v3_business_reviews&utm_source=oAYGHKSZvK_Az-ZQ4UyTGQ,Kv_aenMl3r23hOTSVxjIxA,payday loans,RPM Lenders,yelp,12-01-2019
1,XWNsfpBx9IiKjFx_u-HlqQ,5,Great customer service at this place. I went in for a personal loan to take care of some stuff and I got the check on the same day. The process was simple...,https://www.yelp.com/biz/rpm-lenders-los-angeles-13?adjust_creative=oAYGHKSZvK_Az-ZQ4UyTGQ&hrid=XWNsfpBx9IiKjFx_u-HlqQ&utm_campaign=yelp_api_v3&utm_medium=api_v3_business_reviews&utm_source=oAYGHKSZvK_Az-ZQ4UyTGQ,SPRyoQ7cBj7sqc9XSPyPrg,payday loans,RPM Lenders,yelp,12-01-2019
0,Acuf1e3dRNBYaFpOZf4Ikw,2,Horrible location don't ever go here there rude and half the time the Mexicans don't even speak English !,https://www.yelp.com/biz/ace-cash-express-los-angeles-33?adjust_creative=oAYGHKSZvK_Az-ZQ4UyTGQ&hrid=Acuf1e3dRNBYaFpOZf4Ikw&utm_campaign=yelp_api_v3&utm_medium=api_v3_business_reviews&utm_source=oAYGHKSZvK_Az-ZQ4UyTGQ,YYpGaIvgXk679k9Uwrkyxg,payday loans,ACE Cash Express,yelp,12-01-2019
0,19QfMvrKeNjSRANIPapVMw,1,"Seriously the 1 star rating is a merely out of pitty for this organization who ever hires their employees needs to rethink their hiring strategy , I've...",https://www.yelp.com/biz/continental-currency-services-ccs-south-gate?adjust_creative=oAYGHKSZvK_Az-ZQ4UyTGQ&hrid=19QfMvrKeNjSRANIPapVMw&utm_campaign=yelp_api_v3&utm_medium=api_v3_business_reviews&utm_source=oAYGHKSZvK_Az-ZQ4UyTGQ,FsEf3g6H9TTtKEaG5YPz8A,payday loans,Continental Currency Services - CCS,yelp,12-01-2019
1,OJ0M-jlQfClXUZiV7mkZUQ,5,Very helpful place!! Payday loans are available.... Open the weekends even Sunday... And MTA also available,https://www.yelp.com/biz/continental-currency-services-ccs-south-gate?adjust_creative=oAYGHKSZvK_Az-ZQ4UyTGQ&hrid=OJ0M-jlQfClXUZiV7mkZUQ&utm_campaign=yelp_api_v3&utm_medium=api_v3_business_reviews&utm_source=oAYGHKSZvK_Az-ZQ4UyTGQ,2kjq8oP9yYeVYRBs9JgKPA,payday loans,Continental Currency Services - CCS,yelp,12-01-2019
0,t-UI0bZqCFmW24GAK_kkUg,1,If I could give the crappy place a zero I would... if you want to waste your time only for them to tell you no with no explanation.. this is the place for...,https://www.yelp.com/biz/a-advance-payroll-gardena?adjust_creative=oAYGHKSZvK_Az-ZQ4UyTGQ&hrid=t-UI0bZqCFmW24GAK_kkUg&utm_campaign=yelp_api_v3&utm_medium=api_v3_business_reviews&utm_source=oAYGHKSZvK_Az-ZQ4UyTGQ,Sjmy2bkdwL2zK56luZ0mBw,payday loans,A Advance Payroll,yelp,12-01-2019
1,2R8Kw9uxnmVEr1R2LfdYcg,1,"I have used this particular store for longer than a decade. Over the years there have been many different employees who have come and gone. Some efficient,...",https://www.yelp.com/biz/a-advance-payroll-gardena?adjust_creative=oAYGHKSZvK_Az-ZQ4UyTGQ&hrid=2R8Kw9uxnmVEr1R2LfdYcg&utm_campaign=yelp_api_v3&utm_medium=api_v3_business_reviews&utm_source=oAYGHKSZvK_Az-ZQ4UyTGQ,bXHhte80Sv1Dl4Axy-ef5A,payday loans,A Advance Payroll,yelp,12-01-2019
2,B5y07zQrmyTUDGG75RxeBw,5,Great Customer Service very friendly! Approves anybody on the spot! i will mos definitly refer people here!!!!,https://www.yelp.com/biz/a-advance-payroll-gardena?adjust_creative=oAYGHKSZvK_Az-ZQ4UyTGQ&hrid=B5y07zQrmyTUDGG75RxeBw&utm_campaign=yelp_api_v3&utm_medium=api_v3_business_reviews&utm_source=oAYGHKSZvK_Az-ZQ4UyTGQ,2etNENguNGWjsblbiEGa3Q,payday loans,A Advance Payroll,yelp,12-01-2019
0,pFbWq4UGGGXR_BQA1vpwsQ,5,I was in a serious bind because I got a flat tire and needed some extra cash and the owner of this branch really helped me out. He is super friendly and...,https://www.yelp.com/biz/westwood-check-cashing-payday-advance-and-auto-title-loans-los-angeles?adjust_creative=oAYGHKSZvK_Az-ZQ4UyTGQ&hrid=pFbWq4UGGGXR_BQA1vpwsQ&utm_campaign=yelp_api_v3&utm_medium=api_v3_business_reviews&utm_source=oAYGHKSZvK_Az-ZQ4UyTGQ,Pp5yDzmI9ecM1xNxw_eNrA,payday loans,Westwood Check Cashing-Payday Advance & Auto Title Loans,yelp,12-01-2019
1,eN_pQEVwiNVHo2ClZ4x0CA,1,This is the worst place to get money from they ask for way to much money and are always coming up with fees to stick you with. They won't put their manager...,https://www.yelp.com/biz/westwood-check-cashing-payday-advance-and-auto-title-loans-los-angeles?adjust_creative=oAYGHKSZvK_Az-ZQ4UyTGQ&hrid=eN_pQEVwiNVHo2ClZ4x0CA&utm_campaign=yelp_api_v3&utm_medium=api_v3_business_reviews&utm_source=oAYGHKSZvK_Az-ZQ4UyTGQ,qYw_W0zdIHVaFJSsWaAxiA,payday loans,Westwood Check Cashing-Payday Advance & Auto Title Loans,yelp,12-01-2019
2,TVAXp8FrA6LreaybEssHaQ,1,"Is there a negative rating available?  

Perhaps this company is the victim of scammers but the idiots who call me 10 times a day to get more information to...",https://www.yelp.com/biz/westwood-check-cashing-payday-advance-and-auto-title-loans-los-angeles?adjust_creative=oAYGHKSZvK_Az-ZQ4UyTGQ&hrid=TVAXp8FrA6LreaybEssHaQ&utm_campaign=yelp_api_v3&utm_medium=api_v3_business_reviews&utm_source=oAYGHKSZvK_Az-ZQ4UyTGQ,riCVFhCC6h4gYN3lfGf1WA,payday loans,Westwood Check Cashing-Payday Advance & Auto Title Loans,yelp,12-01-2019
0,P_MpuYhjwlfQB5bwvLzg5g,5,"This is a well-stocked corner store with a good selection of alcohol, beverages, snacks, and household items.  I get my lotto tickets here, and the owners...",https://www.yelp.com/biz/one-stop-mart-los-angeles-3?adjust_creative=oAYGHKSZvK_Az-ZQ4UyTGQ&hrid=P_MpuYhjwlfQB5bwvLzg5g&utm_campaign=yelp_api_v3&utm_medium=api_v3_business_reviews&utm_source=oAYGHKSZvK_Az-ZQ4UyTGQ,5ciEgFVo0KmQhUM37d0byg,liquor stores,One Stop Mart,yelp,12-01-2019
0,iNpTPDYFXgZrR-BFpe98Qg,5,"This place got 5 numbers but no mega for super lotto...on 6/27/15...lucky person...congrats!!!

Lot of people buy lotto tickets here.. Powerball, mega...",https://www.yelp.com/biz/tags-liquor-store-los-angeles?adjust_creative=oAYGHKSZvK_Az-ZQ4UyTGQ&hrid=iNpTPDYFXgZrR-BFpe98Qg&utm_campaign=yelp_api_v3&utm_medium=api_v3_business_reviews&utm_source=oAYGHKSZvK_Az-ZQ4UyTGQ,O1dpuReanj1MVSAnPQKixw,liquor stores,Tag's Liquor Store,yelp,12-01-2019
0,Mieny2XAUGrNgMoOGzJIUA,5,They never fail! They always have Watermelon Bai. STUPID BOMB,https://www.yelp.com/biz/sunshine-liquor-los-angeles-2?adjust_creative=oAYGHKSZvK_Az-ZQ4UyTGQ&hrid=Mieny2XAUGrNgMoOGzJIUA&utm_campaign=yelp_api_v3&utm_medium=api_v3_business_reviews&utm_source=oAYGHKSZvK_Az-ZQ4UyTGQ,mCwizqtuGhHPHoiwozYP5w,liquor stores,Sunshine Liquor,yelp,12-01-2019
0,iCiMi8OschbM27fIJqPp2A,1,"My husband and I were shopping at this specific location, the lines was long. Thanks to one of the cashier lady,African American, didn't get her name but...",https://www.yelp.com/biz/shyreas-liquor-los-angeles?adjust_creative=oAYGHKSZvK_Az-ZQ4UyTGQ&hrid=iCiMi8OschbM27fIJqPp2A&utm_campaign=yelp_api_v3&utm_medium=api_v3_business_reviews&utm_source=oAYGHKSZvK_Az-ZQ4UyTGQ,6x5RzE0CeRRzCAMW1mm8_A,liquor stores,Shyrea's Liquor,yelp,12-01-2019
1,skNSbOfyluW8SIp4w_G0Lw,4,"Quick and easy liquor store for most of your essential necessities as well as a nice selection of beer, wines anod other alcoholic drinks.  They also sell a...",https://www.yelp.com/biz/shyreas-liquor-los-angeles?adjust_creative=oAYGHKSZvK_Az-ZQ4UyTGQ&hrid=skNSbOfyluW8SIp4w_G0Lw&utm_campaign=yelp_api_v3&utm_medium=api_v3_business_reviews&utm_source=oAYGHKSZvK_Az-ZQ4UyTGQ,LiwBM-SE1vpwVjX7fVR92Q,liquor stores,Shyrea's Liquor,yelp,12-01-2019
0,d1iDNIpDubfnvCGzK3x0rw,2,Not a fan of this store. Prices are not listed for items that are in the cooler which is very inconvenience as I like to compare beer prices before making a...,https://www.yelp.com/biz/windsor-hills-wine-and-spirits-los-angeles?adjust_creative=oAYGHKSZvK_Az-ZQ4UyTGQ&hrid=d1iDNIpDubfnvCGzK3x0rw&utm_campaign=yelp_api_v3&utm_medium=api_v3_business_reviews&utm_source=oAYGHKSZvK_Az-ZQ4UyTGQ,kp0JUumIZQzTUshEctANnQ,liquor stores,Windsor Hills Wine & Spirits,yelp,12-01-2019
1,ytj960aAY-dWHEDJcD6ZdA,5,"Always great service, great selection cant beat it!!!  wheneber I come in I always feel like family. 

Say hi to Jan for me!!",https://www.yelp.com/biz/windsor-hills-wine-and-spirits-los-angeles?adjust_creative=oAYGHKSZvK_Az-ZQ4UyTGQ&hrid=ytj960aAY-dWHEDJcD6ZdA&utm_campaign=yelp_api_v3&utm_medium=api_v3_business_reviews&utm_source=oAYGHKSZvK_Az-ZQ4UyTGQ,j_zpo8BKi2cxaPOMucznCA,liquor stores,Windsor Hills Wine & Spirits,yelp,12-01-2019
2,6ID4gyZbO-j7IpJfIrco1w,5,"I absolutely love this store.  The family is always warm and friendly, the store is clean and their selection is great.  They are the only store in the area...",https://www.yelp.com/biz/windsor-hills-wine-and-spirits-los-angeles?adjust_creative=oAYGHKSZvK_Az-ZQ4UyTGQ&hrid=6ID4gyZbO-j7IpJfIrco1w&utm_campaign=yelp_api_v3&utm_medium=api_v3_business_reviews&utm_source=oAYGHKSZvK_Az-ZQ4UyTGQ,Zt4Wv0sKtbqNzdPdVtgYVw,liquor stores,Windsor Hills Wine & Spirits,yelp,12-01-2019
0,CoHlMrFGS783pdlIlgIpPA,4,I like this place when the lady is behind the counter. She was so pleasant the first time I visited. She recommended a cool bottle of vodka with an LED...,https://www.yelp.com/biz/t-and-ds-liquor-store-los-angeles?adjust_creative=oAYGHKSZvK_Az-ZQ4UyTGQ&hrid=CoHlMrFGS783pdlIlgIpPA&utm_campaign=yelp_api_v3&utm_medium=api_v3_business_reviews&utm_source=oAYGHKSZvK_Az-ZQ4UyTGQ,2_1ENwIcqkkQLbWYmm0Z0g,liquor stores,T & D's Liquor Store,yelp,12-01-2019
1,SgnlxxckVEhlxcGLn71U4A,5,Been coming here since I was a kid. It's been a personal savior for me several times. Reasonable prices with a decent selection. No better liquor store.,https://www.yelp.com/biz/t-and-ds-liquor-store-los-angeles?adjust_creative=oAYGHKSZvK_Az-ZQ4UyTGQ&hrid=SgnlxxckVEhlxcGLn71U4A&utm_campaign=yelp_api_v3&utm_medium=api_v3_business_reviews&utm_source=oAYGHKSZvK_Az-ZQ4UyTGQ,SlsWzJzk_lzk82zdCwmZzg,liquor stores,T & D's Liquor Store,yelp,12-01-2019
0,HUWCyuUUSMRdcyyop8H5_w,5,Jim works in the mornings usually and Nancy or Trinh works at night. There is a wide range of alcohol and tobacco products. They also have a purified water...,https://www.yelp.com/biz/two-and-one-liquor-store-los-angeles?adjust_creative=oAYGHKSZvK_Az-ZQ4UyTGQ&hrid=HUWCyuUUSMRdcyyop8H5_w&utm_campaign=yelp_api_v3&utm_medium=api_v3_business_reviews&utm_source=oAYGHKSZvK_Az-ZQ4UyTGQ,BRECnfBc8WzddD-ZRhAh0g,liquor stores,Two & One Liquor Store,yelp,12-01-2019
0,f1GnpT72-adai2os85-oLA,5,"The best service and lower prices.
Wide variety of wine and champagne. Grocery items.fresh produce .I love the convenien too",https://www.yelp.com/biz/sans-liquor-and-market-inglewood?adjust_creative=oAYGHKSZvK_Az-ZQ4UyTGQ&hrid=f1GnpT72-adai2os85-oLA&utm_campaign=yelp_api_v3&utm_medium=api_v3_business_reviews&utm_source=oAYGHKSZvK_Az-ZQ4UyTGQ,C4s3Qbibz8_ajhHkRrzmEA,liquor stores,San's Liquor & Market,yelp,12-01-2019
1,INIQeZegIZK7qoC18iZ7yw,1,Sans liquor is your typical liquor store in a predominantly black and Latino neighborhood and they do not value their customers they have exorbitant prices...,https://www.yelp.com/biz/sans-liquor-and-market-inglewood?adjust_creative=oAYGHKSZvK_Az-ZQ4UyTGQ&hrid=INIQeZegIZK7qoC18iZ7yw&utm_campaign=yelp_api_v3&utm_medium=api_v3_business_reviews&utm_source=oAYGHKSZvK_Az-ZQ4UyTGQ,Ypy5EFfdyCVc-GXK5-tTYQ,liquor stores,San's Liquor & Market,yelp,12-01-2019
2,E0Kx1oZMk2KVO3HdE7Jgeg,5,They carry a lots of stuff which other liquor store and market don't carry.like zatarain and  Louisiana product.prices are low compare  to other liquor store.,https://www.yelp.com/biz/sans-liquor-and-market-inglewood?adjust_creative=oAYGHKSZvK_Az-ZQ4UyTGQ&hrid=E0Kx1oZMk2KVO3HdE7Jgeg&utm_campaign=yelp_api_v3&utm_medium=api_v3_business_reviews&utm_source=oAYGHKSZvK_Az-ZQ4UyTGQ,uAToDrYP1rpae_kPjLS-Kg,liquor stores,San's Liquor & Market,yelp,12-01-2019
0,TXLw8J22mZ0nnpUSrQDvfg,5,I love stopping by this store whenever I'm in town. What makes this place special is the staff who work here. You are immediately greeted and welcomed like...,https://www.yelp.com/biz/8th-liquor-mart-los-angeles?adjust_creative=oAYGHKSZvK_Az-ZQ4UyTGQ&hrid=TXLw8J22mZ0nnpUSrQDvfg&utm_campaign=yelp_api_v3&utm_medium=api_v3_business_reviews&utm_source=oAYGHKSZvK_Az-ZQ4UyTGQ,ylxgbEoIbzmSuUqR2m_dRg,liquor stores,8th Liquor Mart,yelp,12-01-2019
1,fx1jMwKPNl-9wbF6mtm5RA,5,"great liquor store! friendly workers, easy-access parking lot and huge selection",https://www.yelp.com/biz/8th-liquor-mart-los-angeles?adjust_creative=oAYGHKSZvK_Az-ZQ4UyTGQ&hrid=fx1jMwKPNl-9wbF6mtm5RA&utm_campaign=yelp_api_v3&utm_medium=api_v3_business_reviews&utm_source=oAYGHKSZvK_Az-ZQ4UyTGQ,fvsgLONbP772e2U-s0cm0w,liquor stores,8th Liquor Mart,yelp,12-01-2019
0,DjbSNFmmuEtil_xVkZVTww,5,Remember when they use to close at 2am back in the day but they don't anymore. This liquor store gets 5 stars because it has been a neighborhood favorite.,https://www.yelp.com/biz/lucky-liquor-and-market-place-los-angeles?adjust_creative=oAYGHKSZvK_Az-ZQ4UyTGQ&hrid=DjbSNFmmuEtil_xVkZVTww&utm_campaign=yelp_api_v3&utm_medium=api_v3_business_reviews&utm_source=oAYGHKSZvK_Az-ZQ4UyTGQ,7RKX75h8jUm1jAn2Z3B-8g,liquor stores,Lucky Liquor & Market Place,yelp,12-01-2019
0,0l_xfNcqxM-OQkDggwS9BA,4,It's a liquor store in the hood. It's clean it has everything you'd be looking for in a liquor store. Sometimes the parking is tricky but most people are in...,https://www.yelp.com/biz/kens-liquor-los-angeles?adjust_creative=oAYGHKSZvK_Az-ZQ4UyTGQ&hrid=0l_xfNcqxM-OQkDggwS9BA&utm_campaign=yelp_api_v3&utm_medium=api_v3_business_reviews&utm_source=oAYGHKSZvK_Az-ZQ4UyTGQ,sgTMZFvsG0st5xhR0J8Qhg,liquor stores,Ken's Liquor,yelp,12-01-2019
1,QixT9c--xthCug0lHXJM9Q,3,"Like most liquor stores in South Central there is always homeless people waiting in the parking lot asking for money. 

This liquor store is across the...",https://www.yelp.com/biz/kens-liquor-los-angeles?adjust_creative=oAYGHKSZvK_Az-ZQ4UyTGQ&hrid=QixT9c--xthCug0lHXJM9Q&utm_campaign=yelp_api_v3&utm_medium=api_v3_business_reviews&utm_source=oAYGHKSZvK_Az-ZQ4UyTGQ,4H-P-Sv2BU1gx5ZDdn7FkA,liquor stores,Ken's Liquor,yelp,12-01-2019
0,ZW_vTTqnLVVSak6pH4N6Gg,3,"The employees are super super nice.  The selection is good, but there are a lot of things that are missing.  The interior and exterior does need some work....",https://www.yelp.com/biz/huberts-liquor-los-angeles?adjust_creative=oAYGHKSZvK_Az-ZQ4UyTGQ&hrid=ZW_vTTqnLVVSak6pH4N6Gg&utm_campaign=yelp_api_v3&utm_medium=api_v3_business_reviews&utm_source=oAYGHKSZvK_Az-ZQ4UyTGQ,liDYd4gecNvJQpV6puWLgw,liquor stores,Hubert's Liquor,yelp,12-01-2019
1,XNrDUnk1YybKiEbqlW-D1g,1,"Don't go. They don't post prices so they can rip you off. Because it was the closest store to a friend I was visiting,  I went 2 days in a row and bought...",https://www.yelp.com/biz/huberts-liquor-los-angeles?adjust_creative=oAYGHKSZvK_Az-ZQ4UyTGQ&hrid=XNrDUnk1YybKiEbqlW-D1g&utm_campaign=yelp_api_v3&utm_medium=api_v3_business_reviews&utm_source=oAYGHKSZvK_Az-ZQ4UyTGQ,eu_jN6M79X5np27QS9MRug,liquor stores,Hubert's Liquor,yelp,12-01-2019
0,13eqgCXV-pVlxjLZg2PXKw,5,This is a no fuss liquor store servicing mostly the USC crowd with a large beer selection at a reasonable price.  The owner seemed nice enough and not yet...,https://www.yelp.com/biz/trojan-liquor-los-angeles?adjust_creative=oAYGHKSZvK_Az-ZQ4UyTGQ&hrid=13eqgCXV-pVlxjLZg2PXKw&utm_campaign=yelp_api_v3&utm_medium=api_v3_business_reviews&utm_source=oAYGHKSZvK_Az-ZQ4UyTGQ,jUGewcZ66s5HBcqJyuCaGQ,liquor stores,Trojan Liquor,yelp,12-01-2019
1,Lbg8JjXvhqedsRcvBJ4EWQ,5,"A new owner bought the place a couple months ago and has made so many great changes! There's now a huge wine selection, great beer choices, all kinds of...",https://www.yelp.com/biz/trojan-liquor-los-angeles?adjust_creative=oAYGHKSZvK_Az-ZQ4UyTGQ&hrid=Lbg8JjXvhqedsRcvBJ4EWQ&utm_campaign=yelp_api_v3&utm_medium=api_v3_business_reviews&utm_source=oAYGHKSZvK_Az-ZQ4UyTGQ,uX-7WS-M1TRqnnyKWHm1ZA,liquor stores,Trojan Liquor,yelp,12-01-2019
2,R9hBIvAGQVpYvex6AfZcug,5,"Came here to pick up some drinks - found a somewhat vast selection from beers to wine to little shots of hard liquor, etc. It is a little dingy but it's not...",https://www.yelp.com/biz/trojan-liquor-los-angeles?adjust_creative=oAYGHKSZvK_Az-ZQ4UyTGQ&hrid=R9hBIvAGQVpYvex6AfZcug&utm_campaign=yelp_api_v3&utm_medium=api_v3_business_reviews&utm_source=oAYGHKSZvK_Az-ZQ4UyTGQ,EfnzVzqWJUVEv8ft3fW2sQ,liquor stores,Trojan Liquor,yelp,12-01-2019
0,8ifHHsI2qhERXRfK1q27Jg,5,This is a well stocked beer and liquor spot. The craft beers are reasonably priced. You won't pay an arm and a leg for it like I do at my local liquor...,https://www.yelp.com/biz/my-liquor-bank-los-angeles?adjust_creative=oAYGHKSZvK_Az-ZQ4UyTGQ&hrid=8ifHHsI2qhERXRfK1q27Jg&utm_campaign=yelp_api_v3&utm_medium=api_v3_business_reviews&utm_source=oAYGHKSZvK_Az-ZQ4UyTGQ,nOh3KeYS5YDkkIYxY6Kbfw,liquor stores,My Liquor Bank,yelp,12-01-2019
1,C7cigqUH6s-U7wfGKIa1Hg,4,"Rating this strictly on the beer selection that they have available. 

Their craft beer selection is small but there is a great variety to choose from. They...",https://www.yelp.com/biz/my-liquor-bank-los-angeles?adjust_creative=oAYGHKSZvK_Az-ZQ4UyTGQ&hrid=C7cigqUH6s-U7wfGKIa1Hg&utm_campaign=yelp_api_v3&utm_medium=api_v3_business_reviews&utm_source=oAYGHKSZvK_Az-ZQ4UyTGQ,YSm1p1r2Um0Q6Upq0WKhKQ,liquor stores,My Liquor Bank,yelp,12-01-2019
2,_LfMQnW-qiJb2uPulXqPXQ,5,"Dear Liquor Bank,

I love you.  You are the best liquor bank in the whole south central.

Love,

Me",https://www.yelp.com/biz/my-liquor-bank-los-angeles?adjust_creative=oAYGHKSZvK_Az-ZQ4UyTGQ&hrid=_LfMQnW-qiJb2uPulXqPXQ&utm_campaign=yelp_api_v3&utm_medium=api_v3_business_reviews&utm_source=oAYGHKSZvK_Az-ZQ4UyTGQ,oK1seLS_jQ_YCQ-DJf0B9Q,liquor stores,My Liquor Bank,yelp,12-01-2019
0,HVdvsuzBt51SpFPfzvv7og,5,"This place is great! So glad to have a nice, bright, and clean mini-market in the neighborhood. Good selection of snacks, drinks, and dry goods. I like that...",https://www.yelp.com/biz/hanks-mini-market-los-angeles?adjust_creative=oAYGHKSZvK_Az-ZQ4UyTGQ&hrid=HVdvsuzBt51SpFPfzvv7og&utm_campaign=yelp_api_v3&utm_medium=api_v3_business_reviews&utm_source=oAYGHKSZvK_Az-ZQ4UyTGQ,1Hi0nI0qcnPLoW8b-4ww3A,liquor stores,Hank's Mini Market,yelp,12-01-2019
1,zbnUTmkoE6L6GuOYfwUOEw,5,enjoyed meeting Dee and Kelly a few minutes ago. The place is beautiful - inviting - clean - i look forward to even more healthy options and the art and...,https://www.yelp.com/biz/hanks-mini-market-los-angeles?adjust_creative=oAYGHKSZvK_Az-ZQ4UyTGQ&hrid=zbnUTmkoE6L6GuOYfwUOEw&utm_campaign=yelp_api_v3&utm_medium=api_v3_business_reviews&utm_source=oAYGHKSZvK_Az-ZQ4UyTGQ,zHWGEmLuiC-wLQeoTnfvLA,liquor stores,Hank's Mini Market,yelp,12-01-2019
2,Yzq9qhM_UFv41hslCZYnWg,5,I am so excited to have a clean mini market!!! I walked in to check it out-so impressed! Fruit and vegetables!!! Yessss support this local store!,https://www.yelp.com/biz/hanks-mini-market-los-angeles?adjust_creative=oAYGHKSZvK_Az-ZQ4UyTGQ&hrid=Yzq9qhM_UFv41hslCZYnWg&utm_campaign=yelp_api_v3&utm_medium=api_v3_business_reviews&utm_source=oAYGHKSZvK_Az-ZQ4UyTGQ,XEV9Uk6oSf6Ube0w9Kujkg,liquor stores,Hank's Mini Market,yelp,12-01-2019
0,k-RQV0GR4dk0vhG-vkXimA,5,Man cal mart is the spot when you live on the roll only wish it was 24 hours but heat can't have it all but definitely a great go to place,https://www.yelp.com/biz/cal-mart-beer-and-wine-food-store-los-angeles?adjust_creative=oAYGHKSZvK_Az-ZQ4UyTGQ&hrid=k-RQV0GR4dk0vhG-vkXimA&utm_campaign=yelp_api_v3&utm_medium=api_v3_business_reviews&utm_source=oAYGHKSZvK_Az-ZQ4UyTGQ,griIuk743Ka2FkbP1LUn7w,liquor stores,Cal Mart Beer & Wine Food Store,yelp,12-01-2019
1,nXI0hPti-pZFaLrQoPl39g,5,"Convenience store located in a convenient area, hey can't get any better than that. The clerk was very nice and the prices were reasonable, they had what we...",https://www.yelp.com/biz/cal-mart-beer-and-wine-food-store-los-angeles?adjust_creative=oAYGHKSZvK_Az-ZQ4UyTGQ&hrid=nXI0hPti-pZFaLrQoPl39g&utm_campaign=yelp_api_v3&utm_medium=api_v3_business_reviews&utm_source=oAYGHKSZvK_Az-ZQ4UyTGQ,uIBhZTxEdOw1FRVpSJ45mQ,liquor stores,Cal Mart Beer & Wine Food Store,yelp,12-01-2019
2,77fJt6t2rLgOUe_OTjGTog,5,"I love this place. 

When I went to USC, I would come here often to get little things before and after classes.  These guys are AWESOME.  The prices are...",https://www.yelp.com/biz/cal-mart-beer-and-wine-food-store-los-angeles?adjust_creative=oAYGHKSZvK_Az-ZQ4UyTGQ&hrid=77fJt6t2rLgOUe_OTjGTog&utm_campaign=yelp_api_v3&utm_medium=api_v3_business_reviews&utm_source=oAYGHKSZvK_Az-ZQ4UyTGQ,Y63QxAIUERTk2uvFbHJf_g,liquor stores,Cal Mart Beer & Wine Food Store,yelp,12-01-2019
0,XIa8KLgfWCG6PXdfd2XrOQ,5,I was in the area and I stopped by to purchase our office group lottery tickets. The inside has all the good stuff one would expect at a liquor convenience...,https://www.yelp.com/biz/slauson-liquor-los-angeles?adjust_creative=oAYGHKSZvK_Az-ZQ4UyTGQ&hrid=XIa8KLgfWCG6PXdfd2XrOQ&utm_campaign=yelp_api_v3&utm_medium=api_v3_business_reviews&utm_source=oAYGHKSZvK_Az-ZQ4UyTGQ,uIBhZTxEdOw1FRVpSJ45mQ,liquor stores,Slauson Liquor,yelp,12-01-2019
0,KqUXkOdyZqHFkRY8e4Ok9Q,5,This is a long overdue review for Purdy Liquor.  After I came back from the Four Point Sheraton for the Targeted/Dice tech job fair I came here to buy a...,https://www.yelp.com/biz/purdy-liquor-los-angeles?adjust_creative=oAYGHKSZvK_Az-ZQ4UyTGQ&hrid=KqUXkOdyZqHFkRY8e4Ok9Q&utm_campaign=yelp_api_v3&utm_medium=api_v3_business_reviews&utm_source=oAYGHKSZvK_Az-ZQ4UyTGQ,Ad-Lu6YJ0XikSGLK9yNKpA,liquor stores,Purdy Liquor,yelp,12-01-2019
1,HdnjLIpkK-QRABTfvNy9tw,1,Can't wait until lax levels this place for new construction. I use to go here daily. I went to grab a drink and was looking for a snack. I got a text. I...,https://www.yelp.com/biz/purdy-liquor-los-angeles?adjust_creative=oAYGHKSZvK_Az-ZQ4UyTGQ&hrid=HdnjLIpkK-QRABTfvNy9tw&utm_campaign=yelp_api_v3&utm_medium=api_v3_business_reviews&utm_source=oAYGHKSZvK_Az-ZQ4UyTGQ,oixVWm0iMhhV_Xjcn0K30g,liquor stores,Purdy Liquor,yelp,12-01-2019
2,6qxDkE-lAs46maOivB8E_g,5,Great selection of products to choose from in a spacious store. I came by to get some lottery tickets hopefully I get lucky and win something.,https://www.yelp.com/biz/purdy-liquor-los-angeles?adjust_creative=oAYGHKSZvK_Az-ZQ4UyTGQ&hrid=6qxDkE-lAs46maOivB8E_g&utm_campaign=yelp_api_v3&utm_medium=api_v3_business_reviews&utm_source=oAYGHKSZvK_Az-ZQ4UyTGQ,uIBhZTxEdOw1FRVpSJ45mQ,liquor stores,Purdy Liquor,yelp,12-01-2019
0,HjHTaRHgEWHdyyglo1ytog,5,Large variety of Liqur here. Lots of good cognac. Jim the manager was so helpful. Thank you!!,https://www.yelp.com/biz/liquor-warehouse-inglewood?adjust_creative=oAYGHKSZvK_Az-ZQ4UyTGQ&hrid=HjHTaRHgEWHdyyglo1ytog&utm_campaign=yelp_api_v3&utm_medium=api_v3_business_reviews&utm_source=oAYGHKSZvK_Az-ZQ4UyTGQ,lsr97ttmefZV_WdeXyIS6g,liquor stores,Liquor Warehouse,yelp,12-01-2019
1,GmxbigZvMipAnhPaqz0piA,5,"This place has always been very consistent with everything I need. Not only are they at a prime location, but their customer service is amazing. Come here...",https://www.yelp.com/biz/liquor-warehouse-inglewood?adjust_creative=oAYGHKSZvK_Az-ZQ4UyTGQ&hrid=GmxbigZvMipAnhPaqz0piA&utm_campaign=yelp_api_v3&utm_medium=api_v3_business_reviews&utm_source=oAYGHKSZvK_Az-ZQ4UyTGQ,Isdag1OvkCt9ucdxuhAlAA,liquor stores,Liquor Warehouse,yelp,12-01-2019
2,4wqq9zO8WeOTOATTrcPC3A,5,Stopped in last night before a concert at The Forum. Employees were so polite that I would consider driving back here from Orange County just to buy a soda....,https://www.yelp.com/biz/liquor-warehouse-inglewood?adjust_creative=oAYGHKSZvK_Az-ZQ4UyTGQ&hrid=4wqq9zO8WeOTOATTrcPC3A&utm_campaign=yelp_api_v3&utm_medium=api_v3_business_reviews&utm_source=oAYGHKSZvK_Az-ZQ4UyTGQ,UE7jOPwOhIvYVh-fuhaeUw,liquor stores,Liquor Warehouse,yelp,12-01-2019
0,CDaX6zAzb0GGRCAnsmfSYw,5,"Great selection of liquor wine & beer. 
This location has lowest price in neighborhood also 30 years of history.",https://www.yelp.com/biz/western-r-and-l-liquor-store-los-angeles?adjust_creative=oAYGHKSZvK_Az-ZQ4UyTGQ&hrid=CDaX6zAzb0GGRCAnsmfSYw&utm_campaign=yelp_api_v3&utm_medium=api_v3_business_reviews&utm_source=oAYGHKSZvK_Az-ZQ4UyTGQ,TynBuQvyvg2U9EAfpV1s2Q,liquor stores,Western R&L Liquor Store,yelp,12-01-2019
0,ZYNIAYg7cbRFTwY-wzt6Fg,5,"Check in was super easy (first time here) received a 20% discount. 
Coming from sf the taxes here were soo low I went cray! Buying joints lol! 
Customer...",https://www.yelp.com/biz/la-cannabis-co-inglewood-los-angeles?adjust_creative=oAYGHKSZvK_Az-ZQ4UyTGQ&hrid=ZYNIAYg7cbRFTwY-wzt6Fg&utm_campaign=yelp_api_v3&utm_medium=api_v3_business_reviews&utm_source=oAYGHKSZvK_Az-ZQ4UyTGQ,aqtKm6ivCGgF_9gvJeyOWg,dispensary,LA Cannabis Co - Inglewood,yelp,12-01-2019
1,o9yJkBoKXIcYosyqRrDUdg,1,"Purchased my item and was told there would be a $3.00 transaction fee for using a debit card. Okay no problem I agreed to it. 
I looked at my bank statement...",https://www.yelp.com/biz/la-cannabis-co-inglewood-los-angeles?adjust_creative=oAYGHKSZvK_Az-ZQ4UyTGQ&hrid=o9yJkBoKXIcYosyqRrDUdg&utm_campaign=yelp_api_v3&utm_medium=api_v3_business_reviews&utm_source=oAYGHKSZvK_Az-ZQ4UyTGQ,y_nYg-I50W6YBBLTw46Kjw,dispensary,LA Cannabis Co - Inglewood,yelp,12-01-2019
2,4q0Un25RmdeuxmGULOUX2g,5,Simple easy process. . . Clean vibe ... friendly and knowledgeable bud-tenders great first experience.  Variety of choices and great presentation.,https://www.yelp.com/biz/la-cannabis-co-inglewood-los-angeles?adjust_creative=oAYGHKSZvK_Az-ZQ4UyTGQ&hrid=4q0Un25RmdeuxmGULOUX2g&utm_campaign=yelp_api_v3&utm_medium=api_v3_business_reviews&utm_source=oAYGHKSZvK_Az-ZQ4UyTGQ,9Io_XVcpe2ZBH_3-wBm2pA,dispensary,LA Cannabis Co - Inglewood,yelp,12-01-2019
0,bMajMuqIqWG2U77Z4zu7iQ,5,Great customer service always stocked very informative  and fire dank!!! Look no further for quality meds!!!! Can't complain!!!!!,https://www.yelp.com/biz/king-kush-collective-los-angeles-3?adjust_creative=oAYGHKSZvK_Az-ZQ4UyTGQ&hrid=bMajMuqIqWG2U77Z4zu7iQ&utm_campaign=yelp_api_v3&utm_medium=api_v3_business_reviews&utm_source=oAYGHKSZvK_Az-ZQ4UyTGQ,5SjNvW5jDabn1vDxmBGmsw,dispensary,King Kush Collective,yelp,12-01-2019
1,o9NhjVEVzGhvPt88J5INBg,1,Straight up rip off!!  Lame selection. Sketchy as fuck. Pretty sure they have no license so hopefully the city will shut then down. avoid.,https://www.yelp.com/biz/king-kush-collective-los-angeles-3?adjust_creative=oAYGHKSZvK_Az-ZQ4UyTGQ&hrid=o9NhjVEVzGhvPt88J5INBg&utm_campaign=yelp_api_v3&utm_medium=api_v3_business_reviews&utm_source=oAYGHKSZvK_Az-ZQ4UyTGQ,94UUF_8c1szvjqQHZeSj7w,dispensary,King Kush Collective,yelp,12-01-2019
2,XyTb5hopJTKTO-ZcEzZO5w,5,They have very nice and knowledgeable associates. Got us a great deal for first time purchases :) will come back,https://www.yelp.com/biz/king-kush-collective-los-angeles-3?adjust_creative=oAYGHKSZvK_Az-ZQ4UyTGQ&hrid=XyTb5hopJTKTO-ZcEzZO5w&utm_campaign=yelp_api_v3&utm_medium=api_v3_business_reviews&utm_source=oAYGHKSZvK_Az-ZQ4UyTGQ,b-H311rUFX-Ha98xe34OLg,dispensary,King Kush Collective,yelp,12-01-2019
0,cI2USNjz71JEcIsEeWVmrA,5,"I was in the area hangin' with my bff when we decided to hit up the local dispensary.  I was impressed!  They had some good ole west coast music playing,...",https://www.yelp.com/biz/mr-ts-collective-los-angeles?adjust_creative=oAYGHKSZvK_Az-ZQ4UyTGQ&hrid=cI2USNjz71JEcIsEeWVmrA&utm_campaign=yelp_api_v3&utm_medium=api_v3_business_reviews&utm_source=oAYGHKSZvK_Az-ZQ4UyTGQ,brya1ISDpuiskKmAmJSs-Q,dispensary,Mr. T's Collective,yelp,12-01-2019
0,C2DqNhrS5m2_mNJ8s_W9Ng,5,"I was a kid in a Candy store with so many things to select from....

Wow!!!!

And thanks to Kevin I knew what to select for my liking!!!!!!

Thanks Kevin!!!!",https://www.yelp.com/biz/medmen-los-angeles-lax-airport-los-angeles-4?adjust_creative=oAYGHKSZvK_Az-ZQ4UyTGQ&hrid=C2DqNhrS5m2_mNJ8s_W9Ng&utm_campaign=yelp_api_v3&utm_medium=api_v3_business_reviews&utm_source=oAYGHKSZvK_Az-ZQ4UyTGQ,dpxOIepH7ij4bxNx9cSozg,dispensary,MedMen Los Angeles - LAX Airport,yelp,12-01-2019
1,IauCu4ev_6uD8ftrbGUJeA,4,"Awesome dispensary! Honestly kind of looks like an Apple store inside by the way things are set up. Huge variety of product, especially when it comes to...",https://www.yelp.com/biz/medmen-los-angeles-lax-airport-los-angeles-4?adjust_creative=oAYGHKSZvK_Az-ZQ4UyTGQ&hrid=IauCu4ev_6uD8ftrbGUJeA&utm_campaign=yelp_api_v3&utm_medium=api_v3_business_reviews&utm_source=oAYGHKSZvK_Az-ZQ4UyTGQ,iWlkGTCJSHE0JRZpx-r7Yg,dispensary,MedMen Los Angeles - LAX Airport,yelp,12-01-2019
2,RNmW9dQSShumkWTxagVv8A,4,"While I don't engage in this activity, I have friends that do and wanted to visit while we were in the area....so I found myself here on a Friday afternoon....",https://www.yelp.com/biz/medmen-los-angeles-lax-airport-los-angeles-4?adjust_creative=oAYGHKSZvK_Az-ZQ4UyTGQ&hrid=RNmW9dQSShumkWTxagVv8A&utm_campaign=yelp_api_v3&utm_medium=api_v3_business_reviews&utm_source=oAYGHKSZvK_Az-ZQ4UyTGQ,o1JVYrF_LnDpQwsmPpMSBg,dispensary,MedMen Los Angeles - LAX Airport,yelp,12-01-2019
0,VoA1d8jRgrf98Xlq_vsJpQ,5,Jen was so very nice to us. She treated us with respect and she gave us the best weed there is in town.,https://www.yelp.com/biz/supreme-og-los-angeles?adjust_creative=oAYGHKSZvK_Az-ZQ4UyTGQ&hrid=VoA1d8jRgrf98Xlq_vsJpQ&utm_campaign=yelp_api_v3&utm_medium=api_v3_business_reviews&utm_source=oAYGHKSZvK_Az-ZQ4UyTGQ,dnHKcUtIe9WWPlEywSdrcA,dispensary,Supreme OG,yelp,12-01-2019
1,s36awcS-OjJ-EdL5JajAsQ,5,Very friendly atmosphere. I came here on a random metro trip to LA and the checked me in a kind manner. Very worth the price!,https://www.yelp.com/biz/supreme-og-los-angeles?adjust_creative=oAYGHKSZvK_Az-ZQ4UyTGQ&hrid=s36awcS-OjJ-EdL5JajAsQ&utm_campaign=yelp_api_v3&utm_medium=api_v3_business_reviews&utm_source=oAYGHKSZvK_Az-ZQ4UyTGQ,2C43AtCqLMLg4OP5oc3_0w,dispensary,Supreme OG,yelp,12-01-2019
2,q-CVzlFJS-0LzGytnSrWaQ,5,This place is one of the only places open late in the area. Super helpful staff/chill vibe. And good weeed,https://www.yelp.com/biz/supreme-og-los-angeles?adjust_creative=oAYGHKSZvK_Az-ZQ4UyTGQ&hrid=q-CVzlFJS-0LzGytnSrWaQ&utm_campaign=yelp_api_v3&utm_medium=api_v3_business_reviews&utm_source=oAYGHKSZvK_Az-ZQ4UyTGQ,tEM7LiiRoA2SOVzEj-I1OQ,dispensary,Supreme OG,yelp,12-01-2019
0,T3T0DEA5NIM5CaV3P82aqA,5,First time deal $8 gram or $25 1/8ths across the board plus a free wax dab hit or mini cup treat ... they have daily deals too...wow there 7 gram deals are...,https://www.yelp.com/biz/aaa-wellness-center-los-angeles?adjust_creative=oAYGHKSZvK_Az-ZQ4UyTGQ&hrid=T3T0DEA5NIM5CaV3P82aqA&utm_campaign=yelp_api_v3&utm_medium=api_v3_business_reviews&utm_source=oAYGHKSZvK_Az-ZQ4UyTGQ,-cd5fv7uQDTXCTpT0jmUQg,dispensary,AAA Wellness Center,yelp,12-01-2019
0,5F-zqtqpexVg6J9HLmMU8Q,4,"Great first time patient deals. A little pricey without the deals, especially their delivery service fees, but their quality is great and the budtenders are...",https://www.yelp.com/biz/stone-age-farmacy-gardena-2?adjust_creative=oAYGHKSZvK_Az-ZQ4UyTGQ&hrid=5F-zqtqpexVg6J9HLmMU8Q&utm_campaign=yelp_api_v3&utm_medium=api_v3_business_reviews&utm_source=oAYGHKSZvK_Az-ZQ4UyTGQ,KgFFREa9stpWCW8Fuu5gfQ,dispensary,Stone Age Farmacy,yelp,12-01-2019
1,lOVHrSPExEqtqWwSL2FBlw,5,"My go to stop for all my cannabis needs! I love that all their weed is organic and they have a wide selection, even merch! Edibles, pipes, I even saw a gas...",https://www.yelp.com/biz/stone-age-farmacy-gardena-2?adjust_creative=oAYGHKSZvK_Az-ZQ4UyTGQ&hrid=lOVHrSPExEqtqWwSL2FBlw&utm_campaign=yelp_api_v3&utm_medium=api_v3_business_reviews&utm_source=oAYGHKSZvK_Az-ZQ4UyTGQ,SApY7Ec4yk0kQ-jZvrabjg,dispensary,Stone Age Farmacy,yelp,12-01-2019
2,vIsC5BhqVnZFAmXYKnyuEw,1,"Was a FIRST TIME CUSTOMER AND LAST!!! 
DO NOT WASTE YOUR TIME HERE!!!!!!!!!
Bud tenders do not offer any information regarding FIRST TIME CUSTOMER...",https://www.yelp.com/biz/stone-age-farmacy-gardena-2?adjust_creative=oAYGHKSZvK_Az-ZQ4UyTGQ&hrid=vIsC5BhqVnZFAmXYKnyuEw&utm_campaign=yelp_api_v3&utm_medium=api_v3_business_reviews&utm_source=oAYGHKSZvK_Az-ZQ4UyTGQ,jg5WhjJ1O4KP5Pf-iru79w,dispensary,Stone Age Farmacy,yelp,12-01-2019
0,qD569dhBpebyDz4w2V7Tmw,5,"Love the bookcase entrance! So cute. Be careful opening the front door because I smacked someone on my way in. Good selection of yummies ;) 

If you save...",https://www.yelp.com/biz/the-high-note-culver-city-los-angeles-2?adjust_creative=oAYGHKSZvK_Az-ZQ4UyTGQ&hrid=qD569dhBpebyDz4w2V7Tmw&utm_campaign=yelp_api_v3&utm_medium=api_v3_business_reviews&utm_source=oAYGHKSZvK_Az-ZQ4UyTGQ,4PemiFGqpR708Nm_QInxTg,dispensary,The High Note - Culver City,yelp,12-01-2019
1,uvqFxOoTLxR7mAMnkI7cTA,5,"The best dispensary around! Great edibles, vapes, and selection of flowers. Not going anywhere else!!",https://www.yelp.com/biz/the-high-note-culver-city-los-angeles-2?adjust_creative=oAYGHKSZvK_Az-ZQ4UyTGQ&hrid=uvqFxOoTLxR7mAMnkI7cTA&utm_campaign=yelp_api_v3&utm_medium=api_v3_business_reviews&utm_source=oAYGHKSZvK_Az-ZQ4UyTGQ,hURl-h6WaW3xV4K_QgzYJg,dispensary,The High Note - Culver City,yelp,12-01-2019
2,iGhMfJuMkNuzWbam9p1YIg,5,Great store with good deals. Always helpful staff. The bookshelf door is cool. They give you discounts for leaving reviews. There is usually never a wait.,https://www.yelp.com/biz/the-high-note-culver-city-los-angeles-2?adjust_creative=oAYGHKSZvK_Az-ZQ4UyTGQ&hrid=iGhMfJuMkNuzWbam9p1YIg&utm_campaign=yelp_api_v3&utm_medium=api_v3_business_reviews&utm_source=oAYGHKSZvK_Az-ZQ4UyTGQ,JypXd6eqnzzGVWTaPjR_KQ,dispensary,The High Note - Culver City,yelp,12-01-2019
0,eYzcjd1--EO9ypLXw4Dk_w,5,"I just visit the new Mecca Mid City and I loved it.  There still a little bit of construction,  but when it's done its going to be Awesome!!!

Ruth...",https://www.yelp.com/biz/mecca-mid-city-los-angeles?adjust_creative=oAYGHKSZvK_Az-ZQ4UyTGQ&hrid=eYzcjd1--EO9ypLXw4Dk_w&utm_campaign=yelp_api_v3&utm_medium=api_v3_business_reviews&utm_source=oAYGHKSZvK_Az-ZQ4UyTGQ,0nXhMM0SFoC6noNA0C0tSQ,dispensary,Mecca Mid City,yelp,12-01-2019
1,5RFMRG6TKlILLU1P8LfKiw,1,Are these guys even legal?? I heard a few months ago they were raised and shit down. Mecca if you are legal please place your permits in the photo section....,https://www.yelp.com/biz/mecca-mid-city-los-angeles?adjust_creative=oAYGHKSZvK_Az-ZQ4UyTGQ&hrid=5RFMRG6TKlILLU1P8LfKiw&utm_campaign=yelp_api_v3&utm_medium=api_v3_business_reviews&utm_source=oAYGHKSZvK_Az-ZQ4UyTGQ,8OOrm5oOHytmBWsqLq97Qg,dispensary,Mecca Mid City,yelp,12-01-2019
2,e-favLZXLOH6fuQsbtKyKQ,3,"Bring a scale and calibrate to the 1/8th container so you can weigh their grams, which are sealed in a 1/8th container. The BOGO's are consistently under....",https://www.yelp.com/biz/mecca-mid-city-los-angeles?adjust_creative=oAYGHKSZvK_Az-ZQ4UyTGQ&hrid=e-favLZXLOH6fuQsbtKyKQ&utm_campaign=yelp_api_v3&utm_medium=api_v3_business_reviews&utm_source=oAYGHKSZvK_Az-ZQ4UyTGQ,AvneYw7jNUYks4SXRYan-A,dispensary,Mecca Mid City,yelp,12-01-2019
0,VUjep6se_kzAMUwSkpd17Q,5,"Cute packaging, late-night delivery, and holistically grown...can it get any better? Ladera Holistic Care is a quick, discrete, quality service. Highly...",https://www.yelp.com/biz/ladera-holistic-care-los-angeles?adjust_creative=oAYGHKSZvK_Az-ZQ4UyTGQ&hrid=VUjep6se_kzAMUwSkpd17Q&utm_campaign=yelp_api_v3&utm_medium=api_v3_business_reviews&utm_source=oAYGHKSZvK_Az-ZQ4UyTGQ,0kbziVBCFCMvv2uTVoa8MA,dispensary,Ladera Holistic Care,yelp,12-01-2019
1,hbdS1MwM34lN9PQ_INFrQg,5,200% Great Service even at late night!! Was in California for a job and got out late (2AM) and All the dispensaries were close. But they were still open! I...,https://www.yelp.com/biz/ladera-holistic-care-los-angeles?adjust_creative=oAYGHKSZvK_Az-ZQ4UyTGQ&hrid=hbdS1MwM34lN9PQ_INFrQg&utm_campaign=yelp_api_v3&utm_medium=api_v3_business_reviews&utm_source=oAYGHKSZvK_Az-ZQ4UyTGQ,xo6zteTjWSERX7BdxZxDDA,dispensary,Ladera Holistic Care,yelp,12-01-2019
2,gAc0leyczxePYk-4ie-_gA,1,Frankly and utterly disappointed. As a first time customer i ordered an eight of banana og and an eight of sour diesel. The delivery guy arrived on time. He...,https://www.yelp.com/biz/ladera-holistic-care-los-angeles?adjust_creative=oAYGHKSZvK_Az-ZQ4UyTGQ&hrid=gAc0leyczxePYk-4ie-_gA&utm_campaign=yelp_api_v3&utm_medium=api_v3_business_reviews&utm_source=oAYGHKSZvK_Az-ZQ4UyTGQ,3p4ynGr74BJ633N0zYybug,dispensary,Ladera Holistic Care,yelp,12-01-2019
0,oFC-1aRyEBkuNGA4XWkgzA,5,"Amazing! This was the first time i've ever had cannabis delivered so i was a little nervous. I called with a couple questions, placed my order online at 5pm...",https://www.yelp.com/biz/goddess-delivers-los-angeles?adjust_creative=oAYGHKSZvK_Az-ZQ4UyTGQ&hrid=oFC-1aRyEBkuNGA4XWkgzA&utm_campaign=yelp_api_v3&utm_medium=api_v3_business_reviews&utm_source=oAYGHKSZvK_Az-ZQ4UyTGQ,N4ow3mnOXZjfIv18L2dshQ,dispensary,Goddess Delivers,yelp,12-01-2019
1,b30EfdCtV1ruZPcdx6aaGA,5,"i purchased kiva edibles, (which happen to be my favorite). they were having a buy 1 get 1 50% off special at the time which was great because the money...",https://www.yelp.com/biz/goddess-delivers-los-angeles?adjust_creative=oAYGHKSZvK_Az-ZQ4UyTGQ&hrid=b30EfdCtV1ruZPcdx6aaGA&utm_campaign=yelp_api_v3&utm_medium=api_v3_business_reviews&utm_source=oAYGHKSZvK_Az-ZQ4UyTGQ,o29TSqaHxQdHNB4hmSmzCw,dispensary,Goddess Delivers,yelp,12-01-2019
2,tF7PQZIoHz0_fXMak3Odaw,5,"Some seriously awesome customer service, as well as product. I was evacuated from my home due to a wild fire this past summer, emailed the company to let...",https://www.yelp.com/biz/goddess-delivers-los-angeles?adjust_creative=oAYGHKSZvK_Az-ZQ4UyTGQ&hrid=tF7PQZIoHz0_fXMak3Odaw&utm_campaign=yelp_api_v3&utm_medium=api_v3_business_reviews&utm_source=oAYGHKSZvK_Az-ZQ4UyTGQ,SXu0ATVZrXcQOwSHBgqlVA,dispensary,Goddess Delivers,yelp,12-01-2019
0,wdduFeVnF5QeTQFF65Q6Lg,5,"The best delivery services for for top shelf bud!!!

I used this company for flower delivery a few days ago. Not only did they handle things very...",https://www.yelp.com/biz/herb-los-angeles-3?adjust_creative=oAYGHKSZvK_Az-ZQ4UyTGQ&hrid=wdduFeVnF5QeTQFF65Q6Lg&utm_campaign=yelp_api_v3&utm_medium=api_v3_business_reviews&utm_source=oAYGHKSZvK_Az-ZQ4UyTGQ,BXii-GYZvdzaaQ37UPO8WA,dispensary,HERB,yelp,12-01-2019
1,i6vXJK0niFCOhIBZESBjuQ,5,"This company is great.

I am an intelligent man. I require that the only labor I do is paid for or I pay someone else to do it. 

I am so smart. I try not...",https://www.yelp.com/biz/herb-los-angeles-3?adjust_creative=oAYGHKSZvK_Az-ZQ4UyTGQ&hrid=i6vXJK0niFCOhIBZESBjuQ&utm_campaign=yelp_api_v3&utm_medium=api_v3_business_reviews&utm_source=oAYGHKSZvK_Az-ZQ4UyTGQ,QBFZpXcJfN6Da8gfK5bRIQ,dispensary,HERB,yelp,12-01-2019
2,8UK1FTTmhjqRmLqqh6uW5A,5,"I've used a few different dispensaries and Herb is hands down the best. I love their selection, competitive pricing, and free delivery when I spend over...",https://www.yelp.com/biz/herb-los-angeles-3?adjust_creative=oAYGHKSZvK_Az-ZQ4UyTGQ&hrid=8UK1FTTmhjqRmLqqh6uW5A&utm_campaign=yelp_api_v3&utm_medium=api_v3_business_reviews&utm_source=oAYGHKSZvK_Az-ZQ4UyTGQ,Swi0CrIblQIqzQj_izXVgQ,dispensary,HERB,yelp,12-01-2019
0,8EqeazagTDKmbw43YofvXA,5,"Amazing service, friendly desk woman, and always easy + quick!

Me and my gf love coming here. The best edibles in all of Los Angeles!!",https://www.yelp.com/biz/california-caregivers-alliance-los-angeles-3?adjust_creative=oAYGHKSZvK_Az-ZQ4UyTGQ&hrid=8EqeazagTDKmbw43YofvXA&utm_campaign=yelp_api_v3&utm_medium=api_v3_business_reviews&utm_source=oAYGHKSZvK_Az-ZQ4UyTGQ,jwcxbB8AWUnWZQe3WDoBkg,dispensary,California Caregivers Alliance,yelp,12-01-2019
1,Qh0An0MgvCfwA6YIaY0qKQ,5,"Amazing staff! Amazing buds! Can't recommend this place enough!!

Have been coming to this place since 2011. They employ entirely women, are extremely...",https://www.yelp.com/biz/california-caregivers-alliance-los-angeles-3?adjust_creative=oAYGHKSZvK_Az-ZQ4UyTGQ&hrid=Qh0An0MgvCfwA6YIaY0qKQ&utm_campaign=yelp_api_v3&utm_medium=api_v3_business_reviews&utm_source=oAYGHKSZvK_Az-ZQ4UyTGQ,vssRqR-QjFtnkapFugIffg,dispensary,California Caregivers Alliance,yelp,12-01-2019
2,Bu24D9pz51f0CQLD_EaNZg,5,"Each time we've gone has been rewarding. The women who work here have been professional and pleasant to us. They know their products and brands well, and...",https://www.yelp.com/biz/california-caregivers-alliance-los-angeles-3?adjust_creative=oAYGHKSZvK_Az-ZQ4UyTGQ&hrid=Bu24D9pz51f0CQLD_EaNZg&utm_campaign=yelp_api_v3&utm_medium=api_v3_business_reviews&utm_source=oAYGHKSZvK_Az-ZQ4UyTGQ,wia50Fjs6-j5pNr-CyF2LA,dispensary,California Caregivers Alliance,yelp,12-01-2019
0,RFvEGS2ozM6S4nM2gGyOMg,5,"IF!!! You must be in Los Angeles, this is the best dispensary I've bern to.

I live the fact that it's like a real store.  You walk in (after showing ID at...",https://www.yelp.com/biz/medmen-los-angeles-dtla-los-angeles?adjust_creative=oAYGHKSZvK_Az-ZQ4UyTGQ&hrid=RFvEGS2ozM6S4nM2gGyOMg&utm_campaign=yelp_api_v3&utm_medium=api_v3_business_reviews&utm_source=oAYGHKSZvK_Az-ZQ4UyTGQ,fyexSLiczFaWPxlzQlO2CQ,dispensary,MedMen Los Angeles - DTLA,yelp,12-01-2019
1,F7rGZjmaXd7kCa-xBO5eNQ,1,"Won't disclose extraction methods for certain products. 
Rude staff 
Bad product 
Overpriced 
Really awful waiting 
It's just corporate America at its...",https://www.yelp.com/biz/medmen-los-angeles-dtla-los-angeles?adjust_creative=oAYGHKSZvK_Az-ZQ4UyTGQ&hrid=F7rGZjmaXd7kCa-xBO5eNQ&utm_campaign=yelp_api_v3&utm_medium=api_v3_business_reviews&utm_source=oAYGHKSZvK_Az-ZQ4UyTGQ,NKcjdOMVKcoHXryo7Kxp9w,dispensary,MedMen Los Angeles - DTLA,yelp,12-01-2019
2,Dv8phK_ntGdzwz61XzL5OA,5,This place is awesome! They put a lot into making it easy to find the details of each product and showcasing a wide variety of products for all purposes....,https://www.yelp.com/biz/medmen-los-angeles-dtla-los-angeles?adjust_creative=oAYGHKSZvK_Az-ZQ4UyTGQ&hrid=Dv8phK_ntGdzwz61XzL5OA&utm_campaign=yelp_api_v3&utm_medium=api_v3_business_reviews&utm_source=oAYGHKSZvK_Az-ZQ4UyTGQ,39YGRq-Odc_6v0oTJ34jAw,dispensary,MedMen Los Angeles - DTLA,yelp,12-01-2019
0,0Mf-KHpzZqO-BzTlrFJqrw,5,First time here. Only spot open on Sunday night past 8 o'clock. Very kind and informative gentleman. Helped me locate a nice Northern Lights vape pen. One...,https://www.yelp.com/biz/la-cannabis-co-los-angeles-los-angeles-5?adjust_creative=oAYGHKSZvK_Az-ZQ4UyTGQ&hrid=0Mf-KHpzZqO-BzTlrFJqrw&utm_campaign=yelp_api_v3&utm_medium=api_v3_business_reviews&utm_source=oAYGHKSZvK_Az-ZQ4UyTGQ,k82BX-qYn4R-jaoo3qMzXg,dispensary,LA Cannabis Co - Los Angeles,yelp,12-01-2019
1,a65wI3UzX1JBXj2olS8GMg,1,I read up on them and thought how progressive of them. They set up sanitized storefronts in the inner cities to usher in quality products for affordable...,https://www.yelp.com/biz/la-cannabis-co-los-angeles-los-angeles-5?adjust_creative=oAYGHKSZvK_Az-ZQ4UyTGQ&hrid=a65wI3UzX1JBXj2olS8GMg&utm_campaign=yelp_api_v3&utm_medium=api_v3_business_reviews&utm_source=oAYGHKSZvK_Az-ZQ4UyTGQ,s1tPRLShVPLXLVgu-6GkpA,dispensary,LA Cannabis Co - Los Angeles,yelp,12-01-2019
2,4Amgki9P_gJ8fJ4CMoJJ0w,1,I had an overall positive experience when coming in and purchasing an item they are more than happy to take your money but if there's anything wrong with...,https://www.yelp.com/biz/la-cannabis-co-los-angeles-los-angeles-5?adjust_creative=oAYGHKSZvK_Az-ZQ4UyTGQ&hrid=4Amgki9P_gJ8fJ4CMoJJ0w&utm_campaign=yelp_api_v3&utm_medium=api_v3_business_reviews&utm_source=oAYGHKSZvK_Az-ZQ4UyTGQ,wbAH6Ys-TMB9p3wOc1Vr5w,dispensary,LA Cannabis Co - Los Angeles,yelp,12-01-2019
0,LCVCzlSf8q8R5PbDlDWSgw,5,The shop is Under New Management and it's under construction but I did manage to speak with one of the guys there and they let me join the collective they...,https://www.yelp.com/biz/heaven-on-earth-healing-los-angeles?adjust_creative=oAYGHKSZvK_Az-ZQ4UyTGQ&hrid=LCVCzlSf8q8R5PbDlDWSgw&utm_campaign=yelp_api_v3&utm_medium=api_v3_business_reviews&utm_source=oAYGHKSZvK_Az-ZQ4UyTGQ,qap0PB-Ac9_qqGpC48-T7Q,dispensary,Heaven On Earth Healing,yelp,12-01-2019
1,25CTBMskTjpVOcLb2-YOIQ,5,My friend smoked Aone fire as kush with me from this spot i gotta give then 5 stars on quality. Keep up the good buds,https://www.yelp.com/biz/heaven-on-earth-healing-los-angeles?adjust_creative=oAYGHKSZvK_Az-ZQ4UyTGQ&hrid=25CTBMskTjpVOcLb2-YOIQ&utm_campaign=yelp_api_v3&utm_medium=api_v3_business_reviews&utm_source=oAYGHKSZvK_Az-ZQ4UyTGQ,nDrxBYsHpj-nRPo1a-OGww,dispensary,Heaven On Earth Healing,yelp,12-01-2019
0,wmn9430fxUw0T9hiujnzGw,4,This place was my first dispensary ever so it has a major spot on my yelp review first thing I must tell you you do have to park on the streets that's what...,https://www.yelp.com/biz/lax-cc-21-los-angeles-2?adjust_creative=oAYGHKSZvK_Az-ZQ4UyTGQ&hrid=wmn9430fxUw0T9hiujnzGw&utm_campaign=yelp_api_v3&utm_medium=api_v3_business_reviews&utm_source=oAYGHKSZvK_Az-ZQ4UyTGQ,mjAncOgZNPInF2cfI0YCDQ,dispensary,LAX CC 21+,yelp,12-01-2019
1,BjPIzgItWbb3QX7fW6na9A,1,I came to this place a year ago and decided never to come back mostly in part for the outrageous prices they have. And I get it partly is due to the area...,https://www.yelp.com/biz/lax-cc-21-los-angeles-2?adjust_creative=oAYGHKSZvK_Az-ZQ4UyTGQ&hrid=BjPIzgItWbb3QX7fW6na9A&utm_campaign=yelp_api_v3&utm_medium=api_v3_business_reviews&utm_source=oAYGHKSZvK_Az-ZQ4UyTGQ,jg5WhjJ1O4KP5Pf-iru79w,dispensary,LAX CC 21+,yelp,12-01-2019
2,haoclZDvCKW58PtBj5ecYA,4,"LAX CC is close to the airport, making it very popular for tourists.  There's a lot of free street parking right in front of the shop, so it makes it easy...",https://www.yelp.com/biz/lax-cc-21-los-angeles-2?adjust_creative=oAYGHKSZvK_Az-ZQ4UyTGQ&hrid=haoclZDvCKW58PtBj5ecYA&utm_campaign=yelp_api_v3&utm_medium=api_v3_business_reviews&utm_source=oAYGHKSZvK_Az-ZQ4UyTGQ,Cj_z5Ru9BHA-rT6GWuzSbQ,dispensary,LAX CC 21+,yelp,12-01-2019
0,9hnFyhyRJpWrBT8E53Xuuw,5,"Just wanted say thanks to Garrett man, made me feel like I've known him for a while. Thanks for the suggestion boss.

Love this place, the music and...",https://www.yelp.com/biz/rose-collective-venice?adjust_creative=oAYGHKSZvK_Az-ZQ4UyTGQ&hrid=9hnFyhyRJpWrBT8E53Xuuw&utm_campaign=yelp_api_v3&utm_medium=api_v3_business_reviews&utm_source=oAYGHKSZvK_Az-ZQ4UyTGQ,wZNYcDIXYiI4imTnMliqYQ,dispensary,Rose Collective,yelp,12-01-2019
1,GZNeQ8R9gUM_9KpVNIDp9Q,5,"Garrett at Rose Collective plays an important role on my health team, and although he is not an MD, he IS a health care professional. Like more and more of...",https://www.yelp.com/biz/rose-collective-venice?adjust_creative=oAYGHKSZvK_Az-ZQ4UyTGQ&hrid=GZNeQ8R9gUM_9KpVNIDp9Q&utm_campaign=yelp_api_v3&utm_medium=api_v3_business_reviews&utm_source=oAYGHKSZvK_Az-ZQ4UyTGQ,aKvSVee111b1Jyv8oP9PDA,dispensary,Rose Collective,yelp,12-01-2019
2,INfmA4oNWaIO3ULOzMvXFQ,5,"I'm in town for work so naturally, I had to come to one of my favorite places. 

The kind and knowledgeable folks of rose collective made my day. I always...",https://www.yelp.com/biz/rose-collective-venice?adjust_creative=oAYGHKSZvK_Az-ZQ4UyTGQ&hrid=INfmA4oNWaIO3ULOzMvXFQ&utm_campaign=yelp_api_v3&utm_medium=api_v3_business_reviews&utm_source=oAYGHKSZvK_Az-ZQ4UyTGQ,duURYPtnlbPXbqS6k8Ks9g,dispensary,Rose Collective,yelp,12-01-2019
0,2KsQjdI5mrwNwkD-vqn4Vw,5,"Great prices & service! Highly recommend. Rare quality strains/goods for all inhalers & digesters!

How'd you hear about us?
""BlacksentMe""

#thankmelater",https://www.yelp.com/biz/california-cannabis-crenshaw-los-angeles?adjust_creative=oAYGHKSZvK_Az-ZQ4UyTGQ&hrid=2KsQjdI5mrwNwkD-vqn4Vw&utm_campaign=yelp_api_v3&utm_medium=api_v3_business_reviews&utm_source=oAYGHKSZvK_Az-ZQ4UyTGQ,s96IpS424raNAPJMrNrCPw,dispensary,California Cannabis Crenshaw,yelp,12-01-2019
1,D_uQYdFUeEsPOSwIkGPnAQ,1,Aja is absolutely rude! This isn't my first interaction with her and I've cone to the conclusion that she does not know how to speak to people. She...,https://www.yelp.com/biz/california-cannabis-crenshaw-los-angeles?adjust_creative=oAYGHKSZvK_Az-ZQ4UyTGQ&hrid=D_uQYdFUeEsPOSwIkGPnAQ&utm_campaign=yelp_api_v3&utm_medium=api_v3_business_reviews&utm_source=oAYGHKSZvK_Az-ZQ4UyTGQ,zbmaWN4uRe5Fo3rVqiHQCQ,dispensary,California Cannabis Crenshaw,yelp,12-01-2019
2,qPWOdnoEyKpysBi6nyCmJQ,5,The weed was good  and love there style,https://www.yelp.com/biz/california-cannabis-crenshaw-los-angeles?adjust_creative=oAYGHKSZvK_Az-ZQ4UyTGQ&hrid=qPWOdnoEyKpysBi6nyCmJQ&utm_campaign=yelp_api_v3&utm_medium=api_v3_business_reviews&utm_source=oAYGHKSZvK_Az-ZQ4UyTGQ,wvIUkvdmRZtLwLgEtfyzkw,dispensary,California Cannabis Crenshaw,yelp,12-01-2019
